Primary archt/firm,Primary archt/firm[1][Name],Primary archt/firm[1][Role],Primary archt/firm[1][Type],Primary archt/firm[2][Name],Primary archt/firm[2][Role],Primary archt/firm[2][Type],Primary archt/firm[3][Name],Primary archt/firm[3][Role],Primary archt/firm[3][Type],Primary archt/firm[4][Name],Primary archt/firm[4][Role],Primary archt/firm[4][Type]
Coughlin and Ayres,Coughlin and Ayres,contributor,coorporate,,,,,,,,,
Ralph H. Cameron | architect,Ralph H. Cameron,architect,person,,,,,,,,,
Adams and Adams | architectural firm,Adams and Adams,architectural firm,coorporate,,,,,,,,,
Drexel and Gevers,Drexel and Gevers,contributor,coorporate,,,,,,,,,
"Ayres, Dielman and Walker | architectural firm","Ayres, Dielman and Walker",architectural firm,coorporate,,,,,,,,,
Roy A. Benjamin | architect,Roy A. Benjamin,architect,person,,,,,,,,,
"Sanguinet, Staats and Boelhaune | architectural firm","Sanguinet, Staats and Boelhaune",architectural firm,coorporate,,,,,,,,,
unidentified | contributor,<flag>,<flag>,<flag>,,,,,,,,,
Robert Leon White | architect,Robert Leon White,architect,person,,,,,,,,,
J. Flood Walker | archtitect,J. Flood Walker,archtitect,person,,,,,,,,,
Birdsall Briscoe | architect,Birdsall Briscoe,architect,person,,,,,,,,,
Herbert M. Greene | architect,Herbert M. Greene,architect,person,,,,,,,,,
Alfred C. Finn | architect,Alfred C. Finn,architect,person,,,,,,,,,
Nicholas J. Clayton,Nicholas J. Clayton,contributor,person,,,,,,,,,
"Dielmann, Leo M.J.  (1847-1961)","Dielmann, Leo M.J.",contributor,person,,,,,,,,,
"Geddes, Norman Bel","Geddes, Norman Bel",contributor,person,,,,,,,,,
Henry Trost,Henry Trost,contributor,person,,,,,,,,,
"Barnes, Landes, Goodman","Barnes, Landes, Goodman",contributor,coorporate,,,,,,,,,
"Bell, Klein and Hoffman","Bell, Klein and Hoffman",contributor,coorporate,,,,,,,,,
Brooks and Barr,Brooks and Barr,contributor,coorporate,,,,,,,,,
"Brooks, Barr, Graeber, and White","Brooks, Barr, Graeber, and White",contributor,coorporate,,,,,,,,,
"Fehr, Arthur","Fehr, Arthur",contributor,person,,,,,,,,,
Graeber Simmons and Cowan | architects,Graeber Simmons and Cowan,architects,coorporate,,,,,,,,,
"Granger, Charles T.","Granger, Charles T.",contributor,person,,,,,,,,,
August Watkins Harris,August Watkins Harris,contributor,person,,,,,,,,,
David Hoffman and Company,David Hoffman and Company,contributor,coorporate,,,,,,,,,
"Jackson, Robert","Jackson, Robert",contributor,person,,,,,,,,,
Jessen and Jessen,Jessen and Jessen,contributor,coorporate,,,,,,,,,
J. H. Eccleston Johnston Jr.,J. H. Eccleston Johnston Jr.,contributor,person,,,,,,,,,
"Ketchum, W. E.","Ketchum, W. E.",contributor,person,,,,,,,,,
"Kreisle, Ed","Kreisle, Ed",contributor,person,,,,,,,,,
"Kuehne, Brooks and Barr","Kuehne, Brooks and Barr",contributor,coorporate,,,,,,,,,
"Kuehne, Hugo F.","Kuehne, Hugo F.",contributor,person,,,,,,,,,
Lundgren and Maurer | architect,Lundgren and Maurer,architect,coorporate,,,,,,,,,
Elijah E. Myers,Elijah E. Myers,contributor,person,,,,,,,,,
Chartier Newton,Chartier Newton,contributor,person,,,,,,,,,
Niggli and Gustafson,Niggli and Gustafson,contributor,coorporate,,,,,,,,,
Page Brothers | architectural firm,Page Brothers,architectural firm,person,,,,,,,,,
C. H. Page,C. H. Page,contributor,person,,,,,,,,,
Page Southerland Page | architectural firm,Page Southerland Page,architectural firm,coorporate,,,,,,,,,
John Linn Scott,John Linn Scott,contributor,person,,,,,,,,,
Roger Q. Small,Roger Q. Small,contributor,person,,,,,,,,,
Arthur O. Watson,Arthur O. Watson,contributor,person,,,,,,,,,
J. Roy White,J. Roy White,contributor,person,,,,,,,,,
Ruffini,Ruffini,contributor,person,,,,,,,,,
Cima Malek - Aslani,Cima Malek - Aslani,contributor,person,,,,,,,,,
Trost and Trost,Trost and Trost,contributor,coorporate,,,,,,,,,
Percy McGhee,Percy McGhee,contributor,person,,,,,,,,,
"Dunne, W. Scott","Dunne, W. Scott",contributor,person,,,,,,,,,
Guy A. Carlander,Guy A. Carlander,contributor,coorporate,,,,,,,,,
E. F. Rittenberry,E. F. Rittenberry,contributor,person,,,,,,,,,
"Gideon, Samuel E.","Gideon, Samuel E.",contributor,person,,,,,,,,,
William Ward Watkin | architect,William Ward Watkin,architect,person,,,,,,,,,
Hare and Hare | landscape architects,Hare and Hare,landscape architects,coorporate,,,,,,,,,
"Kessler, George","Kessler, George",contributor,person,,,,,,,,,
MacKie and Kamrath,MacKie and Kamrath,contributor,coorporate,,,,,,,,,
Marshall and Fox,Marshall and Fox,contributor,coorporate,,,,,,,,,
Moore Grover Harper,Moore Grover Harper,contributor,person,,,,,,,,,
Charles W. Moore | architect,Charles W. Moore,architect,person,,,,,,,,,
Charles Moore,Charles Moore,contributor,person,,,,,,,,,
"Cooper, Eckstut Associates","Cooper, Eckstut Associates",contributor,coorporate,,,,,,,,,
Vollmer Associates,Vollmer Associates,contributor,coorporate,,,,,,,,,
Moore Ruble Yudell,Moore Ruble Yudell,contributor,person,,,,,,,,,
"Sasaki Associates, Inc.","Sasaki Associates, Inc.",contributor,coorporate,,,,,,,,,
Allen and Collens and Felix A. Burrton,Allen and Collens and Felix A. Burrton,contributor,coorporate,,,,,,,,,
Urban Innovations Group,Urban Innovations Group,contributor,coorporate,,,,,,,,,
James Stewart Polshek and Partners,James Stewart Polshek and Partners,contributor,coorporate,,,,,,,,,
Centerbrook,Centerbrook,contributor,person,,,,,,,,,
Moore/Andersson Architects,Moore/Andersson Architects,contributor,coorporate,,,,,,,,,
Charles W. Moore,Charles W. Moore,contributor,person,,,,,,,,,
Brian Mackay-Lyons Architecture & Urban Design,Brian Mackay-Lyons Architecture & Urban Design,contributor,coorporate,,,,,,,,,
Fraser Thomson & Associates,Fraser Thomson & Associates,contributor,coorporate,,,,,,,,,
Charles W. Moore; Urban Innovations Group,Charles W. Moore,contributor,person,Urban Innovations Group,contributor,coorporate,,,,,,
Greene and Greene,Greene and Greene,contributor,coorporate,,,,,,,,,
Osler Milling Architects Inc.,Osler Milling Architects Inc.,contributor,coorporate,,,,,,,,,
Charles W. Moore; John M. Woolbridge | achitects & planners,Charles W. Moore,contributor,person,John M. Woolbridge,achitects & planners,person,,,,,,
Charles W. Moore Associates,Charles W. Moore Associates,contributor,coorporate,,,,,,,,,
Moore & Andersson,Moore & Andersson,contributor,coorporate,,,,,,,,,
Moore and Anderson (see notes),Moore and Anderson (see notes),contributor,coorporate,,,,,,,,,
MLTW/Moore Turnbull,MLTW/Moore Turnbull,contributor,person,,,,,,,,,
WZMH Group,WZMH Group,contributor,coorporate,,,,,,,,,
Charles W. Moore; D. Weingarten,Charles W. Moore,contributor,person,D. Weingarten,contributor,person,,,,,,
Kite and Associates,Kite and Associates,contributor,coorporate,,,,,,,,,
MLTW/Turnbull,MLTW/Turnbull,contributor,person,,,,,,,,,
"Skidmore Owings Merrill; Venturi Rauch & Scott Brown, Gehry; Studio di Architettura",Skidmore Owings Merrill,contributor,coorporate,"Venturi Rauch & Scott Brown, Gehry",contributor,coorporate,Studio di Architettura,contributor,coorporate,,,
Charles W. Moore; Urban Innovations Design Group,Charles W. Moore,contributor,person,Urban Innovations Design Group,contributor,coorporate,,,,,,
"Moore, Lyndon, Halprin","Moore, Lyndon, Halprin",contributor,person,,,,,,,,,
William Turnbull Associates,William Turnbull Associates,contributor,coorporate,,,,,,,,,
Charles Moore & William Turnbull,Charles Moore & William Turnbull,contributor,coorporate,,,,,,,,,
"Rothzeid Kaiserman & Thomson, P.C.","Rothzeid Kaiserman & Thomson, P.C.",contributor,coorporate,,,,,,,,,
The Ratcliff Architects,The Ratcliff Architects,contributor,coorporate,,,,,,,,,
Minzenmayer / McGee AIA Architects,Minzenmayer / McGee AIA Architects,contributor,coorporate,,,,,,,,,
Herbert M. Greene LaRoche and Dahl | university architects,Herbert M. Greene LaRoche and Dahl,university architects,coorporate,,,,,,,,,
Herbert M. Greene LaRoche & Dahl | architects,Herbert M. Greene LaRoche & Dahl,architects,coorporate,,,,,,,,,
Paul Philippe Cret | consulting architect,Paul Philippe Cret,consulting architect,person,,,,,,,,,
Raymond Everett,Raymond Everett,contributor,person,,,,,,,,,
Fooshee and Cheek | architectural firm,Fooshee and Cheek,architectural firm,coorporate,,,,,,,,,
Preston M. Geren,Preston M. Geren,contributor,person,,,,,,,,,
Preston M. Geren | architect and engineer,Preston M. Geren,architect and engineer,person,,,,,,,,,
Louis I. Kahn,Louis I. Kahn,contributor,person,,,,,,,,,
Goldsmith & Van Vleck,Goldsmith & Van Vleck,contributor,coorporate,,,,,,,,,
Van Vleck and Goldsmith | architects,Van Vleck and Goldsmith,architects,coorporate,,,,,,,,,
Roland I. Markwith,Roland I. Markwith,contributor,coorporate,,,,,,,,,
Bertram G. Goodhue,Bertram G. Goodhue,contributor,person,,,,,,,,,
James Riely Gordon,James Riely Gordon,contributor,person,,,,,,,,,
Alfred Zucker,Alfred Zucker,contributor,person,,,,,,,,,
Harwell Hamilton Harris,Harwell Hamilton Harris,contributor,person,,,,,,,,,
Aubrey Horn | architect,Aubrey Horn,architect,person,,,,,,,,,
Stewart King,Stewart King,contributor,person,,,,,,,,,
Gehry Dworsky,Gehry Dworsky,contributor,person,,,,,,,,,
Mark Lemmon,Mark Lemmon,contributor,person,,,,,,,,,
Joseph N. Lacy | architect,Joseph N. Lacy,architect,person,,,,,,,,,
C. V. Seutter,C. V. Seutter,contributor,person,,,,,,,,,
Donald L.A. Oschwald,Donald L.A. Oschwald,contributor,person,,,,,,,,,
I. M. Pei & Partners,I. M. Pei & Partners,contributor,coorporate,,,,,,,,,
Wiley G. Clarkson and company | architects,Wiley G. Clarkson and company,architects,coorporate,,,,,,,,,
Enslie Oglesby,Enslie Oglesby,contributor,person,,,,,,,,,
Fehr and Granger,Fehr and Granger,contributor,coorporate,,,,,,,,,
Golemon and Rolfe,Golemon and Rolfe,contributor,coorporate,,,,,,,,,
Broad and Nelson,Broad and Nelson,contributor,coorporate,,,,,,,,,
"Wilson, Morris, Crain and Anderson | architectural firm","Wilson, Morris, Crain and Anderson",architectural firm,coorporate,,,,,,,,,
Noonan and Krocker,Noonan and Krocker,contributor,coorporate,,,,,,,,,
Paul Rudolph | architect,Paul Rudolph,architect,person,,,,,,,,,
"Phelps, Dewees & Simmons","Phelps, Dewees & Simmons",contributor,coorporate,,,,,,,,,
Phelps and Dewees,Phelps and Dewees,contributor,coorporate,,,,,,,,,
"Pearson, T. Brooks","Pearson, T. Brooks",contributor,person,,,,,,,,,
F. E. Ruffini,F. E. Ruffini,contributor,person,,,,,,,,,
Harvey P. Smith,Harvey P. Smith,contributor,person,,,,,,,,,
Hedrick,Hedrick,contributor,person,,,,,,,,,
Wyatt C. Hedrick,Wyatt C. Hedrick,contributor,person,,,,,,,,,
"Sanguinet, Staats, Hedrick and Gottlieb","Sanguinet, Staats, Hedrick and Gottlieb",contributor,coorporate,,,,,,,,,
Hedrick and Gottlieb,Hedrick and Gottlieb,contributor,coorporate,,,,,,,,,
"Sanguinet, Staats, and Gottlieb | architectural firm","Sanguinet, Staats, and Gottlieb",architectural firm,coorporate,,,,,,,,,
Sanguinet and Staats,Sanguinet and Staats,contributor,coorporate,,,,,,,,,
Sanguinet and Staats; Roy E. Lane,Sanguinet and Staats,contributor,coorporate,Roy E. Lane,contributor,person,,,,,,
Marriot,Marriot,contributor,person,,,,,,,,,
Hedrick and Stanley,Hedrick and Stanley,contributor,coorporate,,,,,,,,,
Hedrick and Withers,Hedrick and Withers,contributor,coorporate,,,,,,,,,
"Sanguinet, Staats, and Hedrick | architectural firm","Sanguinet, Staats, and Hedrick",architectural firm,coorporate,,,,,,,,,
"Sanguinet, Staats, and Boelhauwe","Sanguinet, Staats, and Boelhauwe",contributor,coorporate,,,,,,,,,
"Sanguinet, Staats and Hedrick","Sanguinet, Staats and Hedrick",contributor,coorporate,,,,,,,,,
Hedrick and Horley,Hedrick and Horley,contributor,coorporate,,,,,,,,,
"Sanguinet, Staats and Pate","Sanguinet, Staats and Pate",contributor,coorporate,,,,,,,,,
"Sanguinet, Staats and Nield","Sanguinet, Staats and Nield",contributor,coorporate,,,,,,,,,
"Hedrick, Stanley and Lightfoot","Hedrick, Stanley and Lightfoot",contributor,coorporate,,,,,,,,,
"Hedrick, Stanley, and Morey","Hedrick, Stanley, and Morey",contributor,coorporate,,,,,,,,,
"Hedrick, Stanley & Morey","Hedrick, Stanley & Morey",contributor,coorporate,,,,,,,,,
Hedrick & Stanley,Hedrick & Stanley,contributor,coorporate,,,,,,,,,
Van Slyke and Woodruff,Van Slyke and Woodruff,contributor,coorporate,,,,,,,,,
Woodruff,Woodruff,contributor,person,,,,,,,,,
"Sanguinet, Staats and Gottlieb","Sanguinet, Staats and Gottlieb",contributor,coorporate,,,,,,,,,
Woodward,Woodward,contributor,person,,,,,,,,,
"Wyatt C. Hedrick, Inc.","Wyatt C. Hedrick, Inc.",contributor,coorporate,,,,,,,,,
Wyatt C. Hedrick | architect and engineer,Wyatt C. Hedrick,architect and engineer,person,,,,,,,,,
Hedrick and Lindsley,Hedrick and Lindsley,contributor,coorporate,,,,,,,,,
F. W. and D. E. Steinman,F. W. and D. E. Steinman,contributor,coorporate,,,,,,,,,
Giesecke and Harris,Giesecke and Harris,contributor,coorporate,,,,,,,,,
"Sanguinet, Staats and Overbeck","Sanguinet, Staats and Overbeck",contributor,coorporate,,,,,,,,,
"Sanguinet, Staats, Hedrick, and Pate","Sanguinet, Staats, Hedrick, and Pate",contributor,coorporate,,,,,,,,,
Hedrick and Schoeppl,Hedrick and Schoeppl,contributor,coorporate,,,,,,,,,
Hedrick and Lovett,Hedrick and Lovett,contributor,coorporate,,,,,,,,,
"Sanguinet, Staats and Barnes","Sanguinet, Staats and Barnes",contributor,coorporate,,,,,,,,,
Wyatt C. Hedrick | architect,Wyatt C. Hedrick,architect,person,,,,,,,,,
"Hedrick, Inc.","Hedrick, Inc.",contributor,coorporate,,,,,,,,,
DeWitt and Swank | architects,DeWitt and Swank,architects,coorporate,,,,,,,,,
SOA Student Measured Drawings,SOA Student Measured Drawings,contributor,person,,,,,,,,,
"Herbert M. Greene, LaRoche, and Dahl | architects","Herbert M. Greene, LaRoche, and Dahl",architects,coorporate,,,,,,,,,
Office of Supervising Architect,Office of Supervising Architect,contributor,coorporate,,,,,,,,,
"Greene, LaRoche, and Dahl | architects","Greene, LaRoche, and Dahl",architects,coorporate,,,,,,,,,
Cass Gilbert,Cass Gilbert,contributor,person,,,,,,,,,
Robert Leon White,Robert Leon White,contributor,person,,,,,,,,,
Paul Philippe Cret,Paul Philippe Cret,contributor,person,,,,,,,,,
Oliver Hill,Oliver Hill,contributor,person,,,,,,,,,
Aston Webb and Son,Aston Webb and Son,contributor,coorporate,,,,,,,,,
Sir Aston Webb,Sir Aston Webb,contributor,person,,,,,,,,,
Sir Aston Webb; C. E. Gonting,Sir Aston Webb,contributor,person,C. E. Gonting,contributor,person,,,,,,
Sir Aston Webb; E. Ingress Bell,Sir Aston Webb,contributor,person,E. Ingress Bell,contributor,person,,,,,,
Philip Edward Webb,Philip Edward Webb,contributor,person,,,,,,,,,
G. Wornum,G. Wornum,contributor,person,,,,,,,,,
Sir Aston Webb & T. M. Deane,Sir Aston Webb & T. M. Deane,contributor,coorporate,,,,,,,,,
T. Deveney,T. Deveney,contributor,person,,,,,,,,,
C. J.Taylor,C. J.Taylor,contributor,person,,,,,,,,,
John S. Quilter,John S. Quilter,contributor,person,,,,,,,,,
Maurice Everett Webb,Maurice Everett Webb,contributor,person,,,,,,,,,
E. Hampson; George Shaw,E. Hampson,contributor,person,George Shaw,contributor,person,,,,,,
Thomas Blashill,Thomas Blashill,contributor,person,,,,,,,,,
Sir Aston Webb & Son,Sir Aston Webb & Son,contributor,coorporate,,,,,,,,,
Sir Aston Webb; E. Ingress Bell; Aston Webb & Son,Sir Aston Webb,contributor,person,E. Ingress Bell,contributor,person,Aston Webb & Son,contributor,coorporate,,,
Aston Webb and Son; R. Layton Cole,Aston Webb and Son,contributor,coorporate,R. Layton Cole,contributor,person,,,,,,
L. B. Weinman,L. B. Weinman,contributor,person,,,,,,,,,
David R. Williams,David R. Williams,contributor,person,,,,,,,,,
Anton J. Egner and Associates | architect,Anton J. Egner and Associates,architect,coorporate,,,,,,,,,
Centerbrook Architects and Planners,Centerbrook Architects and Planners,contributor,coorporate,,,,,,,,,
Charles W. Moore and Associates,Charles W. Moore and Associates,contributor,coorporate,,,,,,,,,
Frank Lloyd Wright,Frank Lloyd Wright,contributor,person,,,,,,,,,
George Dahl,George Dahl,contributor,person,,,,,,,,,
James B. Cheek,James B. Cheek,contributor,person,,,,,,,,,
Grand Rapids Store Equipment Corp.,Grand Rapids Store Equipment Corp.,contributor,coorporate,,,,,,,,,
Lipman Automatic Refrigeration,Lipman Automatic Refrigeration,contributor,person,,,,,,,,,
McCray Refrigerator Co.,McCray Refrigerator Co.,contributor,person,,,,,,,,,
"Armstrong Cork and Insulation Co. (Dallas, Tex.)","Armstrong Cork and Insulation Co. (Dallas, Tex.)",contributor,coorporate,,,,,,,,,
Mauran and Russell,Mauran and Russell,contributor,coorporate,,,,,,,,,
John F. Staub,John F. Staub,contributor,person,,,,,,,,,
Andrew Fraser,Andrew Fraser,contributor,coorporate,,,,,,,,,
Nicholas Clayton,Nicholas Clayton,contributor,person,,,,,,,,,
Wees,Wees,contributor,person,,,,,,,,,
Frazer,Frazer,contributor,person,,,,,,,,,
Frazer and Benner,Frazer and Benner,contributor,coorporate,,,,,,,,,
Benner and Turner,Benner and Turner,contributor,coorporate,,,,,,,,,
Hartger and Benner,Hartger and Benner,contributor,coorporate,,,,,,,,,
"Altman, Otis","Altman, Otis",contributor,person,,,,,,,,,
Braunten and McGhee,Braunten and McGhee,contributor,coorporate,,,,,,,,,
McGhee and Dana,McGhee and Dana,contributor,coorporate,,,,,,,,,
"Carroll, Dusang and Rand","Carroll, Dusang and Rand",contributor,coorporate,,,,,,,,,
Carroll and Daeuble,Carroll and Daeuble,contributor,coorporate,,,,,,,,,
Bentell,Bentell,contributor,person,,,,,,,,,
Dunne,Dunne,contributor,person,,,,,,,,,
Kneezell,Kneezell,contributor,person,,,,,,,,,
Kistenmachen Engineering Company,Kistenmachen Engineering Company,contributor,coorporate,,,,,,,,,
"Kneezell, Edward","Kneezell, Edward",contributor,person,,,,,,,,,
Moore and Fritala,Moore and Fritala,contributor,coorporate,,,,,,,,,
"Neal, Buddy","Neal, Buddy",contributor,person,,,,,,,,,
Benner,Benner,contributor,person,,,,,,,,,
"Benner, Archie | engineer","Benner, Archie",engineer,person,,,,,,,,,
O. H. Thorman,O. H. Thorman,contributor,person,,,,,,,,,
J. E. Morgan and Sons | contractors,J. E. Morgan and Sons,contractors,coorporate,,,,,,,,,
Morgan Brothers Construction Company,Morgan Brothers Construction Company,contributor,coorporate,,,,,,,,,
Max Fabiani,Max Fabiani,contributor,person,,,,,,,,,
Friedrich v. Dietz,Friedrich v. Dietz,contributor,person,,,,,,,,,
Fellner and Helmer,Fellner and Helmer,contributor,coorporate,,,,,,,,,
Rudolf Erdos,Rudolf Erdos,contributor,person,,,,,,,,,
Karl Fischl,Karl Fischl,contributor,person,,,,,,,,,
Josef Hoffmann,Josef Hoffmann,contributor,person,,,,,,,,,
Oskar Laske; V. Fiala,Oskar Laske,contributor,person,V. Fiala,contributor,person,,,,,,
Adolf Loos,Adolf Loos,contributor,person,,,,,,,,,
Robert Oerley,Robert Oerley,contributor,person,,,,,,,,,
Josef Olbrich,Josef Olbrich,contributor,person,,,,,,,,,
Josef Plecnik,Josef Plecnik,contributor,person,,,,,,,,,
Otto Schoenthal,Otto Schoenthal,contributor,person,,,,,,,,,
Joseph Urban,Joseph Urban,contributor,person,,,,,,,,,
Otto Wagner,Otto Wagner,contributor,person,,,,,,,,,
Paolo Soleri,Paolo Soleri,contributor,person,,,,,,,,,
Robert H. H. Hugman,Robert H. H. Hugman,contributor,person,,,,,,,,,
Giles and Beckmann Architects,Giles and Beckmann Architects,contributor,coorporate,,,,,,,,,
Henry Coke Knight | architect,Henry Coke Knight,architect,person,,,,,,,,,
"Zizik, Kearns, Downing","Zizik, Kearns, Downing",contributor,person,,,,,,,,,
August Watkins Harris | architect,August Watkins Harris,architect,person,,,,,,,,,
Herbert M. Greene Company,Herbert M. Greene Company,contributor,coorporate,,,,,,,,,
Department of Engineering - Stephenville,Department of Engineering - Stephenville,contributor,coorporate,,,,,,,,,
Johnson Burgee Architects | architects,Johnson Burgee Architects,architects,coorporate,,,,,,,,,
Herbert S. Green | architect,Herbert S. Green,architect,person,,,,,,,,,
"Bell, Klein & Hoffman","Bell, Klein & Hoffman",contributor,coorporate,,,,,,,,,
Office of the Supervising Architect,Office of the Supervising Architect,contributor,coorporate,,,,,,,,,
C. C. Merrick | surveyor and draftsman,C. C. Merrick,surveyor and draftsman,person,,,,,,,,,
Lance E. Tatum,Lance E. Tatum,contributor,person,,,,,,,,,
W. G. Clarkson and Company | architectural firm,W. G. Clarkson and Company,architectural firm,coorporate,,,,,,,,,
J. Clyde Williams & Percy W. Williams Architects,J. Clyde Williams & Percy W. Williams Architects,contributor,coorporate,,,,,,,,,
Joseph H. Gaylord & Co. Architects,Joseph H. Gaylord & Co. Architects,contributor,coorporate,,,,,,,,,
William Payson | general agent,William Payson,general agent,person,,,,,,,,,
F. W. and D. E. Steinman Architects,F. W. and D. E. Steinman Architects,contributor,coorporate,,,,,,,,,
Hawk and Parr Architects,Hawk and Parr Architects,contributor,coorporate,,,,,,,,,
W. C. Kruger Co. | architects and engineers,W. C. Kruger Co.,architects and engineers,person,,,,,,,,,
Zia Company,Zia Company,contributor,coorporate,,,,,,,,,
Meem and McCormick | architects,Meem and McCormick,architects,coorporate,,,,,,,,,
B. F. Trester Jr.,B. F. Trester Jr.,contributor,person,,,,,,,,,
August A. Herff | architect,August A. Herff,architect,person,,,,,,,,,
C. H. Page and Brothers | architectural firm,C. H. Page and Brothers,architectural firm,coorporate,,,,,,,,,
A. W. Harris,A. W. Harris,contributor,person,,,,,,,,,
William McKnight Bowman | architect,William McKnight Bowman,architect,person,,,,,,,,,
Charles St. George Pope,Charles St. George Pope,contributor,person,,,,,,,,,
"Jose G. Jimenez, Del.; James W. Emmerich","Jose G. Jimenez, Del.",contributor,person,James W. Emmerich,contributor,person,,,,,,
Clarke and Northcott | builders,Clarke and Northcott,builders,coorporate,,,,,,,,,
C. H. Page and Brother | architectural firm,C. H. Page and Brother,architectural firm,coorporate,,,,,,,,,
"Hellmuth, Obata, and Kassabaum | architects","Hellmuth, Obata, and Kassabaum",architects,coorporate,,,,,,,,,
Leo M.F. Dielmann | architect,Leo M.F. Dielmann,architect,person,,,,,,,,,
Marvin Eichenroht | architect,Marvin Eichenroht,architect,person,,,,,,,,,
Larmour and Watson | architects,Larmour and Watson,architects,coorporate,,,,,,,,,
Henry Loughry | architect,Henry Loughry,architect,person,,,,,,,,,
Frances Fescher,Frances Fescher,contributor,person,,,,,,,,,
R. L. Stripling,R. L. Stripling,contributor,person,,,,,,,,,
Trost and Trost | architectural firm,Trost and Trost,architectural firm,coorporate,,,,,,,,,
Burt McDonald | architect,Burt McDonald,architect,person,,,,,,,,,
O?Neil Ford and Associates | architects,O?Neil Ford and Associates,architects,coorporate,,,,,,,,,
O?Neil Ford,O?Neil Ford,contributor,person,,,,,,,,,
Colonel William E. Merrill,Colonel William E. Merrill,contributor,person,,,,,,,,,
"Pratt, Box, Henderson, and Partners","Pratt, Box, Henderson, and Partners",contributor,coorporate,,,,,,,,,
Lang and Witchell | architectural firm,Lang and Witchell,architectural firm,coorporate,,,,,,,,,
Giesecke and Harris Architects,Giesecke and Harris Architects,contributor,coorporate,,,,,,,,,
A. F. Beckmann | architect,A. F. Beckmann,architect,person,,,,,,,,,
E. F. Albaugh | architect,E. F. Albaugh,architect,person,,,,,,,,,
C. H. Page and Son | architect and engineer,C. H. Page and Son,architect and engineer,coorporate,,,,,,,,,
Nicholas John Clayton and Company Architects,Nicholas John Clayton and Company Architects,contributor,coorporate,,,,,,,,,
SOA Student Work,SOA Student Work,contributor,person,,,,,,,,,
Frederick B. Gaenslen Architect,Frederick B. Gaenslen Architect,contributor,person,,,,,,,,,
W. E. Ketchum | architect,W. E. Ketchum,architect,person,,,,,,,,,
J. L. Wees | architect,J. L. Wees,architect,person,,,,,,,,,
J. L. Wees,J. L. Wees,contributor,person,,,,,,,,,
J. G. Hill,J. G. Hill,contributor,person,,,,,,,,,
Carl Day,Carl Day,contributor,person,,,,,,,,,
Frederick Herring,Frederick Herring,contributor,person,,,,,,,,,
Sam Louis Kelisky,Sam Louis Kelisky,contributor,person,,,,,,,,,
"LaGasse, Alfred B.","LaGasse, Alfred B.",contributor,person,,,,,,,,,
Oscar Ruffini,Oscar Ruffini,contributor,person,,,,,,,,,
Paul P. Cret,Paul P. Cret,contributor,person,,,,,,,,,
Office of the Superintendent of Construction and Maintenance,Office of the Superintendent of Construction and Maintenance,contributor,coorporate,,,,,,,,,
"Herbert M. Greene, LaRoche, and Dahl","Herbert M. Greene, LaRoche, and Dahl",contributor,coorporate,,,,,,,,,
"Bernard Johnson Engineers, Inc.","Bernard Johnson Engineers, Inc.",contributor,coorporate,,,,,,,,,
Walter T. Rolfe,Walter T. Rolfe,contributor,person,,,,,,,,,
Marshall Field and Company,Marshall Field and Company,contributor,coorporate,,,,,,,,,
General Hotel Supply Company,General Hotel Supply Company,contributor,coorporate,,,,,,,,,
Department of Construction and Maintenance,Department of Construction and Maintenance,contributor,coorporate,,,,,,,,,
Superintendent of Construction and Maintenance,Superintendent of Construction and Maintenance,contributor,coorporate,,,,,,,,,
John Mansville Sales Corp.,John Mansville Sales Corp.,contributor,person,,,,,,,,,
Snead and Company,Snead and Company,contributor,coorporate,,,,,,,,,
Office of the Supervising Architect; Robert Leon White | supervising architect,Office of the Supervising Architect,contributor,coorporate,Robert Leon White,supervising architect,person,,,,,,
Office of the Resident Architect,Office of the Resident Architect,contributor,coorporate,,,,,,,,,
Office of Resident Architect,Office of Resident Architect,contributor,coorporate,,,,,,,,,
Kauffman Heating and Engineering Co.,Kauffman Heating and Engineering Co.,contributor,coorporate,,,,,,,,,
Vermont Marble Company,Vermont Marble Company,contributor,coorporate,,,,,,,,,
Office of Superintendent of Construction and Maintenance,Office of Superintendent of Construction and Maintenance,contributor,coorporate,,,,,,,,,
Office of the Comptroller,Office of the Comptroller,contributor,coorporate,,,,,,,,,
J. L. O?Connor,J. L. O?Connor,contributor,person,,,,,,,,,
Harmon and Mok,Harmon and Mok,contributor,coorporate,,,,,,,,,
Warner and Swasey Co.,Warner and Swasey Co.,contributor,coorporate,,,,,,,,,
J. E. Morgan and Sons,J. E. Morgan and Sons,contributor,coorporate,,,,,,,,,
Charles W. Jones Engineering,Charles W. Jones Engineering,contributor,coorporate,,,,,,,,,
Rochlin and Baran,Rochlin and Baran,contributor,coorporate,,,,,,,,,
Ellison Bronze Company,Ellison Bronze Company,contributor,coorporate,,,,,,,,,
University Lands Survey Office,University Lands Survey Office,contributor,coorporate,,,,,,,,,
"Hoff, Blackstone and Strode","Hoff, Blackstone and Strode",contributor,coorporate,,,,,,,,,
Pre-Lim Associates,Pre-Lim Associates,contributor,coorporate,,,,,,,,,
Page Southerland Page,Page Southerland Page,contributor,coorporate,,,,,,,,,
Jessen Jessen Millhouse and Greeven,Jessen Jessen Millhouse and Greeven,contributor,coorporate,,,,,,,,,
George A. Dahl | associate architect,George A. Dahl,associate architect,person,,,,,,,,,
B. W. Crain Jr.,B. W. Crain Jr.,contributor,person,,,,,,,,,
J. Herschel Fisher; Pat Y. Spillman,J. Herschel Fisher,contributor,person,Pat Y. Spillman,contributor,person,,,,,,
Robert Leon White; Samuel Vosper; Ralph Cameron,Robert Leon White,contributor,person,Samuel Vosper,contributor,person,Ralph Cameron,contributor,person,,,
Cameron; Ralph Haywood,Cameron,contributor,person,Ralph Haywood,contributor,person,,,,,,
J. O. Nugent,J. O. Nugent,contributor,person,,,,,,,,,
Samuel Charles Phelps Vosper,Samuel Charles Phelps Vosper,contributor,person,,,,,,,,,
Raiford Stripling,Raiford Stripling,contributor,person,,,,,,,,,
"Craig, R.M.","Craig, R.M.",contributor,person,,,,,,,,,
"Baker, William A. collection - photographs","Baker, William A. collection - photographs",contributor,person,,,,,,,,,
"Hill, Rodney - papers","Hill, Rodney - papers",contributor,person,,,,,,,,,
"Pape, Gustav","Pape, Gustav",contributor,person,,,,,,,,,
F. H. Schmidt,F. H. Schmidt,contributor,person,,,,,,,,,
"Giesecke, Frederick E.","Giesecke, Frederick E.",contributor,person,,,,,,,,,
C. Coatsworth Pinkney | landscape architect,C. Coatsworth Pinkney,landscape architect,person,,,,,,,,,
Stephen Kubenka Architects,Stephen Kubenka Architects,contributor,coorporate,,,,,,,,,
Peter Coltman,Peter Coltman,contributor,person,,,,,,,,,
Wisconsin Bridge and Iron Company,Wisconsin Bridge and Iron Company,contributor,coorporate,,,,,,,,,
Sir John Soane,Sir John Soane,contributor,person,,,,,,,,,
Lutyens,Lutyens,contributor,person,,,,,,,,,
Pendley and George | architectural firm,Pendley and George,architectural firm,coorporate,,,,,,,,,
Hal B. Thomson,Hal B. Thomson,contributor,person,,,,,,,,,
Henry T. Phelps,Henry T. Phelps,contributor,person,,,,,,,,,
Jessen Jessen Millhouse and Greeven | consulting architects,Jessen Jessen Millhouse and Greeven,consulting architects,coorporate,,,,,,,,,
Harvey P. Smith and Associates,Harvey P. Smith and Associates,contributor,coorporate,,,,,,,,,
Homer L. Fry,Homer L. Fry,contributor,person,,,,,,,,,
Fry (illegible) of San Antonio,Fry (illegible) of San Antonio,contributor,person,,,,,,,,,
Atlee B. Ayres | architect,Atlee B. Ayres,architect,person,,,,,,,,,
"Eickenroht, Marvin C.  (1904-1968)","Eickenroht, Marvin C.",contributor,person,,,,,,,,,
"Guyon, Arthur","Guyon, Arthur",contributor,person,,,,,,,,,
Roland Roessner,Roland Roessner,contributor,coorporate,,,,,,,,,
Harvey P. Smith | consulting architect,Harvey P. Smith,consulting architect,person,,,,,,,,,
Donald Nelson,Donald Nelson,contributor,person,,,,,,,,,
George L. Dahl | architect and engineer,George L. Dahl,architect and engineer,person,,,,,,,,,
Wiley G. Clarkson,Wiley G. Clarkson,contributor,person,,,,,,,,,
"Hubbell, Greene, LaRoche, Dahl","Hubbell, Greene, LaRoche, Dahl",contributor,person,,,,,,,,,
Herbert M. Greene and Company | architectural firm,Herbert M. Greene and Company,architectural firm,coorporate,,,,,,,,,
Herbert M. Greene Company | university architects,Herbert M. Greene Company,university architects,coorporate,,,,,,,,,
"Greene, LaRoche, and Dahl","Greene, LaRoche, and Dahl",contributor,coorporate,,,,,,,,,
Herbert M. Greene,Herbert M. Greene,contributor,person,,,,,,,,,
Greene,Greene,contributor,person,,,,,,,,,
LaRoche and Dahl,LaRoche and Dahl,contributor,coorporate,,,,,,,,,
Dahl,Dahl,contributor,person,,,,,,,,,
George A. Endress | associated architect; Frederick M. Mann | associated architect,George A. Endress,associated architect,person,Frederick M. Mann,associated architect,person,,,,,,
Robert Leon White | supervising architect,Robert Leon White,supervising architect,person,,,,,,,,,
O. F. P. C. UT System. Department of Construction and Maintenance,O. F. P. C. UT System. Department of Construction and Maintenance,contributor,coorporate,,,,,,,,,
O. F. P. C. UT System,O. F. P. C. UT System,contributor,person,,,,,,,,,
Herbert M. Greene Company | architectural firm,Herbert M. Greene Company,architectural firm,coorporate,,,,,,,,,
Office of Robert Leon White | supervising architect,Office of Robert Leon White,supervising architect,coorporate,,,,,,,,,
American Seating Company,American Seating Company,contributor,coorporate,,,,,,,,,
Roscoe P. Dewitt | architect,Roscoe P. Dewitt,architect,person,,,,,,,,,
"Office of the Resident Architect, Austin, TX","Office of the Resident Architect, Austin, TX",contributor,coorporate,,,,,,,,,
George Albert Endress | architect,George Albert Endress,architect,person,,,,,,,,,
Cass Gilbert | architect,Cass Gilbert,architect,person,,,,,,,,,
Office of Robert L. White | architect,Office of Robert L. White,architect,coorporate,,,,,,,,,
"Harbeson, Hough, Livingston, and Larson | consulting architects","Harbeson, Hough, Livingston, and Larson",consulting architects,coorporate,,,,,,,,,
Jessen Jessen Millhouse Greeven and Crume | architects,Jessen Jessen Millhouse Greeven and Crume,architects,coorporate,,,,,,,,,
Walter G. Warren and Company,Walter G. Warren and Company,contributor,coorporate,,,,,,,,,
C. H. Page | architect,C. H. Page,architect,person,,,,,,,,,
"Jessen, Jessen, Millhouse, and Greeven | architects","Jessen, Jessen, Millhouse, and Greeven",architects,coorporate,,,,,,,,,
Paul E. Pressler,Paul E. Pressler,contributor,person,,,,,,,,,
R. H. Hunt and Co. | architectural firm,R. H. Hunt and Co.,architectural firm,coorporate,,,,,,,,,
C. W. Bulger and Son | architectural firm,C. W. Bulger and Son,architectural firm,coorporate,,,,,,,,,
C. D. Hill and Co. | architectural firm,C. D. Hill and Co.,architectural firm,coorporate,,,,,,,,,
W. M. Simpson (NYC),W. M. Simpson (NYC),contributor,person,,,,,,,,,
Sanguinet and Staats | architectural firm,Sanguinet and Staats,architectural firm,coorporate,,,,,,,,,
Coburn Smith and Evans | architectural firm,Coburn Smith and Evans,architectural firm,coorporate,,,,,,,,,
J. M. McCammon,J. M. McCammon,contributor,person,,,,,,,,,
Green and Finger | architectural firm,Green and Finger,architectural firm,coorporate,,,,,,,,,
E. Stanley Field,E. Stanley Field,contributor,person,,,,,,,,,
"Graham, Anderson, Probst and White | architectural firm","Graham, Anderson, Probst and White",architectural firm,coorporate,,,,,,,,,
J. H. Humphrey,J. H. Humphrey,contributor,person,,,,,,,,,
J. H. Atherton,J. H. Atherton,contributor,person,,,,,,,,,
Ayres and Ayres | architects,Ayres and Ayres,architects,coorporate,,,,,,,,,
Griffith - Barglebauch | architectural firm,Griffith - Barglebauch,architectural firm,person,,,,,,,,,
"I. R. Timlin, Southwestern Bell Telephone Company | architect; Lang and Withcell | architectural firm","I. R. Timlin, Southwestern Bell Telephone Company",architect,coorporate,Lang and Withcell,architectural firm,coorporate,,,,,,
Joseph Finger | architect,Joseph Finger,architect,person,,,,,,,,,
Hubbell and Greene | architectural firm,Hubbell and Greene,architectural firm,coorporate,,,,,,,,,
Preston J. Bradshaw,Preston J. Bradshaw,contributor,person,,,,,,,,,
Voelcker and Dixon | architectural firm,Voelcker and Dixon,architectural firm,coorporate,,,,,,,,,
William B Hiner | architect,William B Hiner,architect,person,,,,,,,,,
I. R. Timlin | architect,I. R. Timlin,architect,person,,,,,,,,,
J. W. Northrop,J. W. Northrop,contributor,person,,,,,,,,,
Finger and Cato | architectural firm,Finger and Cato,architectural firm,coorporate,,,,,,,,,
Howe and Lescaze | architectural firm,Howe and Lescaze,architectural firm,coorporate,,,,,,,,,
Field and Clarkson | architectural firm,Field and Clarkson,architectural firm,coorporate,,,,,,,,,
H. L. Page and Brothers | architectural firm,H. L. Page and Brothers,architectural firm,coorporate,,,,,,,,,
Marshall and Fox | architectural firm,Marshall and Fox,architectural firm,coorporate,,,,,,,,,
Endress and Watkin | architectural firm,Endress and Watkin,architectural firm,coorporate,,,,,,,,,
Clarkson and Gaines | architectural firm,Clarkson and Gaines,architectural firm,coorporate,,,,,,,,,
Atlanta Terra Cotta Co. | terra cotta producer,Atlanta Terra Cotta Co.,terra cotta producer,person,,,,,,,,,
T. Lamb,T. Lamb,contributor,person,,,,,,,,,
Lyman and Place,Lyman and Place,contributor,coorporate,,,,,,,,,
Atlantic Terra Cotta Company; A. B. Withers | architect,Atlantic Terra Cotta Company,contributor,coorporate,A. B. Withers,architect,person,,,,,,
"Ford, Powell & Carson","Ford, Powell & Carson",contributor,coorporate,,,,,,,,,
"Leffland, Jules Carl (1854-1924)","Leffland, Jules Carl",contributor,coorporate,,,,,,,,,
James R. Franklin | designer,James R. Franklin,designer,person,,,,,,,,,
Fisher and Spillman Architects Inc.,Fisher and Spillman Architects Inc.,contributor,coorporate,,,,,,,,,
Voelcker and Dixon,Voelcker and Dixon,contributor,coorporate,,,,,,,,,
Arthur E. Thomas,Arthur E. Thomas,contributor,person,,,,,,,,,
Morrison and Carter | landscape architects,Morrison and Carter,landscape architects,coorporate,,,,,,,,,
,nan,contributor,person,,,,,,,,,
Edwin Kreisle,Edwin Kreisle,contributor,person,,,,,,,,,
Lawrence Speck Associates,Lawrence Speck Associates,contributor,coorporate,,,,,,,,,
Hubbell and Greene | architects,Hubbell and Greene,architects,coorporate,,,,,,,,,
George L. Dahl | architect,George L. Dahl,architect,person,,,,,,,,,
"Coburn, Smith, and Evans Architects Dallas","Coburn, Smith, and Evans Architects Dallas",contributor,coorporate,,,,,,,,,
George L. Dahl Architects and Engineers | architectural firm,George L. Dahl Architects and Engineers,architectural firm,coorporate,,,,,,,,,
Herbert M. Greene Company | architects,Herbert M. Greene Company,architects,coorporate,,,,,,,,,
Herbert M. Greene Company | architects & engineers,Herbert M. Greene Company,architects & engineers,coorporate,,,,,,,,,
George L. Dahl | Centennial architect,George L. Dahl,Centennial architect,person,,,,,,,,,
Herbert M. Greene Company | architects and structural engineers,Herbert M. Greene Company,architects and structural engineers,coorporate,,,,,,,,,
Hare and Hare | landscape architects and city planners,Hare and Hare,landscape architects and city planners,coorporate,,,,,,,,,
George L. Dahl | Exposition architect,George L. Dahl,Exposition architect,person,,,,,,,,,
General Motors Sales Corporation. Frigidaire Division.,General Motors Sales Corporation. Frigidaire Division.,contributor,coorporate,,,,,,,,,
Herbert B. Beidler | architect,Herbert B. Beidler,architect,person,,,,,,,,,
"George Miles Company, Winsted Connecticut","George Miles Company, Winsted Connecticut",contributor,coorporate,,,,,,,,,
La Roche and Dahl | architects,La Roche and Dahl,architects,coorporate,,,,,,,,,
Thomas Booziotis and Associates,Thomas Booziotis and Associates,contributor,coorporate,,,,,,,,,
Jessen Architects and Planners,Jessen Architects and Planners,contributor,coorporate,,,,,,,,,
Charles E. Gillette | landscape architect,Charles E. Gillette,landscape architect,person,,,,,,,,,
"National Parks Service. Historic Preservation Team, Denver","National Parks Service. Historic Preservation Team, Denver",contributor,person,,,,,,,,,
Eugene George,Eugene George,contributor,person,,,,,,,,,
Inico Triggs,Inico Triggs,contributor,person,,,,,,,,,
Eugene George | architect,Eugene George,architect,person,,,,,,,,,
"Pendley, George and Bowman | architects","Pendley, George and Bowman",architects,coorporate,,,,,,,,,
"Eugene George, Jr. | architect","Eugene George, Jr.",architect,person,,,,,,,,,
Sam Bates and Eugene George,Sam Bates and Eugene George,contributor,coorporate,,,,,,,,,
Wiltshire and Fisher | architectural firm,Wiltshire and Fisher,architectural firm,coorporate,,,,,,,,,
Pendley and George | architects,Pendley and George,architects,coorporate,,,,,,,,,
Harwell Hamilton Harris | architect,Harwell Hamilton Harris,architect,person,,,,,,,,,
Page Southerland Page | architects engineers consultants,Page Southerland Page,architects engineers consultants,coorporate,,,,,,,,,
Alfred Giles,Alfred Giles,contributor,person,,,,,,,,,
Alfred Giles; Guindon Architects,Alfred Giles,contributor,person,Guindon Architects,contributor,coorporate,,,,,,
Arnold Dunbar Smith and Cecil Claude Brewer,Arnold Dunbar Smith and Cecil Claude Brewer,contributor,coorporate,,,,,,,,,
"Gutierrez, Smouse, Wilmut and Assoc., Inc.","Gutierrez, Smouse, Wilmut and Assoc., Inc.",contributor,coorporate,,,,,,,,,
Shirley Simons,Shirley Simons,contributor,person,,,,,,,,,
"Parkinson, John","Parkinson, John",contributor,person,,,,,,,,,
Elmer G. Withers | architect,Elmer G. Withers,architect,person,,,,,,,,,
John Staub,John Staub,contributor,person,,,,,,,,,
Ford and Swank | architects,Ford and Swank,architects,coorporate,,,,,,,,,
Swank,Swank,contributor,person,,,,,,,,,
O?Neil Ford | architect; A. B. Swank | architect,O?Neil Ford,architect,person,A. B. Swank,architect,person,,,,,,
A. B. Swank Associates | architectural firm,A. B. Swank Associates,architectural firm,coorporate,,,,,,,,,
E. G. Hamilton,E. G. Hamilton,contributor,person,,,,,,,,,
O?Neil Ford; A. B. Swank,O?Neil Ford,contributor,person,A. B. Swank,contributor,person,,,,,,
A. B. Swank Associates,A. B. Swank Associates,contributor,coorporate,,,,,,,,,
O?Neil Ford | architect; R. S. Colley | architect; A. B. Swank | architect; S. B. Zisman | architect,O?Neil Ford,architect,person,R. S. Colley,architect,person,A. B. Swank,architect,person,S. B. Zisman,architect,person
J. P. Moore Associate,J. P. Moore Associate,contributor,person,,,,,,,,,
"Bethel and Williams Architects, Inc.","Bethel and Williams Architects, Inc.",contributor,coorporate,,,,,,,,,
Pierce and Pierce Architects,Pierce and Pierce Architects,contributor,coorporate,,,,,,,,,
Arch Swank | architect,Arch Swank,architect,person,,,,,,,,,
Roland Laney,Roland Laney,contributor,coorporate,,,,,,,,,
O?Neil Ford  | associated architect; A. B. Swank | associated architect; Roland Laney | associated architect,O?Neil Ford,associated architect,person,A. B. Swank,associated architect,person,Roland Laney,associated architect,coorporate,,,
O?Neil Ford and Associates,O?Neil Ford and Associates,contributor,coorporate,,,,,,,,,
A. B. Swank; Lester B. Whitton,A. B. Swank,contributor,person,Lester B. Whitton,contributor,person,,,,,,
Dales Y. Foster,Dales Y. Foster,contributor,person,,,,,,,,,
"Ford, Swank, Colley, and Zisman","Ford, Swank, Colley, and Zisman",contributor,coorporate,,,,,,,,,
"Ford, Swank, Colley, and Zisman, Associated Architects and Planners | architectural firm","Ford, Swank, Colley, and Zisman, Associated Architects and Planners",architectural firm,coorporate,,,,,,,,,
O?Neil Ford; A. B. Swank; S. B. Zisman,O?Neil Ford,contributor,person,A. B. Swank,contributor,person,S. B. Zisman,contributor,person,,,
A. B. Swank and Associates,A. B. Swank and Associates,contributor,coorporate,,,,,,,,,
A. B. Swank,A. B. Swank,contributor,person,,,,,,,,,
"Ford, Swank, and Rogers","Ford, Swank, and Rogers",contributor,coorporate,,,,,,,,,
"A. B. Swank, Jr.","A. B. Swank, Jr.",contributor,person,,,,,,,,,
Albert C. Martin and Associates,Albert C. Martin and Associates,contributor,coorporate,,,,,,,,,
Roscoe DeWitt,Roscoe DeWitt,contributor,person,,,,,,,,,
H. Dan Heyn,H. Dan Heyn,contributor,person,,,,,,,,,
A. B. Swank | architect,A. B. Swank,architect,person,,,,,,,,,
O?Neil Ford; A. B. Swank; R. S. Colley,O?Neil Ford,contributor,person,A. B. Swank,contributor,person,R. S. Colley,contributor,person,,,
A. B. Swank and Associates | architects,A. B. Swank and Associates,architects,coorporate,,,,,,,,,
Eugene J. Boerder | architect,Eugene J. Boerder,architect,person,,,,,,,,,
Ford,Ford,contributor,person,,,,,,,,,
Frank Welch,Frank Welch,contributor,person,,,,,,,,,
O?Neil Ford; Carl Groos Jr.,O?Neil Ford,contributor,person,Carl Groos Jr.,contributor,person,,,,,,
"Cossutta and Associates, Architects","Cossutta and Associates, Architects",contributor,coorporate,,,,,,,,,
Wilson Stoeltje and Martin | architects,Wilson Stoeltje and Martin,architects,coorporate,,,,,,,,,
Bartlett Cocke,Bartlett Cocke,contributor,person,,,,,,,,,
Kuehne and Turley | architects,Kuehne and Turley,architects,coorporate,,,,,,,,,
Barnes Landes Goodman Youngblood,Barnes Landes Goodman Youngblood,contributor,coorporate,,,,,,,,,
"Ford, Powell & Carson | architects and planners","Ford, Powell & Carson",architects and planners,coorporate,,,,,,,,,
Paul Cret,Paul Cret,contributor,person,,,,,,,,,
Barnes Landes Goodman Youngblood | architects engineers and planners,Barnes Landes Goodman Youngblood,architects engineers and planners,coorporate,,,,,,,,,
Supervising Architect,Supervising Architect,contributor,person,,,,,,,,,
Paul Philippe Cret | architect,Paul Philippe Cret,architect,person,,,,,,,,,
Fred Day | associate architect; Jessen Jessen Millhouse & Greeven | consulting architects,Fred Day,associate architect,person,Jessen Jessen Millhouse & Greeven,consulting architects,coorporate,,,,,,
Jessen Jessen Millhouse Greeven & Crume,Jessen Jessen Millhouse Greeven & Crume,contributor,coorporate,,,,,,,,,
E. H. Sheldon and Company,E. H. Sheldon and Company,contributor,coorporate,,,,,,,,,
Jessen Jessen Millhouse & Crume,Jessen Jessen Millhouse & Crume,contributor,coorporate,,,,,,,,,
Jessen Associates,Jessen Associates,contributor,coorporate,,,,,,,,,
C. H. Page and Son,C. H. Page and Son,contributor,coorporate,,,,,,,,,
Beran & Shelmire,Beran & Shelmire,contributor,coorporate,,,,,,,,,
Fisher & Spillman,Fisher & Spillman,contributor,coorporate,,,,,,,,,
"Harbeson, Hough, Livingston and Larson | architects","Harbeson, Hough, Livingston and Larson",architects,coorporate,,,,,,,,,
James Gamble Rogers,James Gamble Rogers,contributor,person,,,,,,,,,
Office of Facilities Planning and Construction,Office of Facilities Planning and Construction,contributor,coorporate,,,,,,,,,
Marmon and Mok Associates,Marmon and Mok Associates,contributor,coorporate,,,,,,,,,
Bob Rowsky,Bob Rowsky,contributor,person,,,,,,,,,
Barnes Landes Goodman Youngblood | architects and engineers,Barnes Landes Goodman Youngblood,architects and engineers,coorporate,,,,,,,,,
Atlee B. Ayres and Robert M. Ayres | architects,Atlee B. Ayres and Robert M. Ayres,architects,coorporate,,,,,,,,,
Pfluger Polkinghorn,Pfluger Polkinghorn,contributor,person,,,,,,,,,
Thomas Booziotis and Associates | architectural firm ; Chartier Newton Associated Architects | architectural firm,Thomas Booziotis and Associates,architectural firm,coorporate,Chartier Newton Associated Architects,architectural firm,coorporate,,,,,,
Daverman Associates West,Daverman Associates West,contributor,coorporate,,,,,,,,,
Tallmadge Watson Architects,Tallmadge Watson Architects,contributor,coorporate,,,,,,,,,
Fred Winfield Day,Fred Winfield Day,contributor,person,,,,,,,,,
Mark Lemmon | architect,Mark Lemmon,architect,person,,,,,,,,,
George Pierce | architect; Abel Pierce | architect,George Pierce,architect,person,Abel Pierce,architect,person,,,,,,
Zumwalt and Vinther | consulting engineers,Zumwalt and Vinther,consulting engineers,coorporate,,,,,,,,,
Kenneth Bentsen Associates,Kenneth Bentsen Associates,contributor,coorporate,,,,,,,,,
Boner Associates | consultants in acoustics,Boner Associates,consultants in acoustics,coorporate,,,,,,,,,
Herbert M. Greene Company; Herbert M. Greene LaRoche & Dahl Architects,Herbert M. Greene Company,contributor,coorporate,Herbert M. Greene LaRoche & Dahl Architects,contributor,coorporate,,,,,,
Philip Creer,Philip Creer,contributor,person,,,,,,,,,
Atlantic Terra Cotta Company,Atlantic Terra Cotta Company,contributor,coorporate,,,,,,,,,
Frederic Ruffini,Frederic Ruffini,contributor,person,,,,,,,,,
Page and Southerland | architects,Page and Southerland,architects,coorporate,,,,,,,,,
Jasper N. Preston; Samuel Preston,Jasper N. Preston,contributor,person,Samuel Preston,contributor,person,,,,,,
Skidmore Owings Merrill,Skidmore Owings Merrill,contributor,coorporate,,,,,,,,,
Downing Allison Thomas,Downing Allison Thomas,contributor,person,,,,,,,,,
"Arnold Steel Co., Inc.","Arnold Steel Co., Inc.",contributor,coorporate,,,,,,,,,
Oglesby Group,Oglesby Group,contributor,coorporate,,,,,,,,,
"Beck and Associates, Inc.","Beck and Associates, Inc.",contributor,coorporate,,,,,,,,,
Julian Montgomery | consulting engineer,Julian Montgomery,consulting engineer,person,,,,,,,,,
Coffee and Crier,Coffee and Crier,contributor,coorporate,,,,,,,,,
Jessen Jessen Millhouse Greeven and Crume,Jessen Jessen Millhouse Greeven and Crume,contributor,coorporate,,,,,,,,,
LaRoche and Dahl | architectural firm,LaRoche and Dahl,architectural firm,coorporate,,,,,,,,,
Office of Institutional Research,Office of Institutional Research,contributor,coorporate,,,,,,,,,
Stephen K. Domigan | landscape architect,Stephen K. Domigan,landscape architect,person,,,,,,,,,
Architectural and Engineering Services,Architectural and Engineering Services,contributor,coorporate,,,,,,,,,
John F. Staub | architect,John F. Staub,architect,person,,,,,,,,,
"Skidmore Owings Merrill | associates architects; Brooks, Barr, Graeber, and White | associates architects",Skidmore Owings Merrill,associates architects,coorporate,"Brooks, Barr, Graeber, and White",associates architects,coorporate,,,,,,
"Giesecke, Kuehne, and Brooks","Giesecke, Kuehne, and Brooks",contributor,coorporate,,,,,,,,,
Broad and Nelson | architects,Broad and Nelson,architects,coorporate,,,,,,,,,
Fehr and Granger | architects,Fehr and Granger,architects,coorporate,,,,,,,,,
White Budd Van Ness Partnership,White Budd Van Ness Partnership,contributor,coorporate,,,,,,,,,
Thomas Booziotis and Associates; Chartier Newton | associate architect,Thomas Booziotis and Associates,contributor,coorporate,Chartier Newton,associate architect,person,,,,,,
"Energy Engineering Associates, Inc.","Energy Engineering Associates, Inc.",contributor,coorporate,,,,,,,,,
William E. Wallis and Associates | engineers,William E. Wallis and Associates,engineers,coorporate,,,,,,,,,
Wallis and Associates | engineers,Wallis and Associates,engineers,coorporate,,,,,,,,,
Jessen Jessen Millhouse Greeven and Crume | associated architects,Jessen Jessen Millhouse Greeven and Crume,associated architects,coorporate,,,,,,,,,
William E. Wallis and Associates | consulting engineers,William E. Wallis and Associates,consulting engineers,coorporate,,,,,,,,,
Jessen Inc. | architects,Jessen Inc.,architects,coorporate,,,,,,,,,
O?Connell Robertson Grobe | architects,O?Connell Robertson Grobe,architects,person,,,,,,,,,
Shirley Simons | architect,Shirley Simons,architect,person,,,,,,,,,
Skidmore Owings Merrill | architects,Skidmore Owings Merrill,architects,coorporate,,,,,,,,,
Zumwalt and Vinther | mechanical engineers,Zumwalt and Vinther,mechanical engineers,coorporate,,,,,,,,,
C. H. Page and Son | architects,C. H. Page and Son,architects,coorporate,,,,,,,,,
Page Southerland Page | architects,Page Southerland Page,architects,coorporate,,,,,,,,,
Stoeltje Assoc. Inc. | consulting engineers,Stoeltje Assoc. Inc.,consulting engineers,coorporate,,,,,,,,,
"John D. Robinson, Jr.","John D. Robinson, Jr.",contributor,person,,,,,,,,,
Simpson and Lackey | architects,Simpson and Lackey,architects,coorporate,,,,,,,,,
"Ford, Powell & Carson | architects","Ford, Powell & Carson",architects,coorporate,,,,,,,,,
Wallis and Associates | consulting engineers,Wallis and Associates,consulting engineers,coorporate,,,,,,,,,
"Crain/Anderson, Inc. | architects","Crain/Anderson, Inc.",architects,coorporate,,,,,,,,,
George A. Endress | resident architect,George A. Endress,resident architect,person,,,,,,,,,
B. W. Crain Jr. | architect,B. W. Crain Jr.,architect,person,,,,,,,,,
J. F. Johnson Const. Co.,J. F. Johnson Const. Co.,contributor,person,,,,,,,,,
"Calhoun, Tungate, Jackson and Dill | architects","Calhoun, Tungate, Jackson and Dill",architects,coorporate,,,,,,,,,
MGM Architects,MGM Architects,contributor,coorporate,,,,,,,,,
Brown and Root and Associates,Brown and Root and Associates,contributor,coorporate,,,,,,,,,
Brown and Root,Brown and Root,contributor,coorporate,,,,,,,,,
Roy L. Thomas,Roy L. Thomas,contributor,person,,,,,,,,,
Fred Buford and Associates,Fred Buford and Associates,contributor,coorporate,,,,,,,,,
Phelps and Simmons and Associates; Bartlett Cocke and Associates,Phelps and Simmons and Associates,contributor,coorporate,Bartlett Cocke and Associates,contributor,coorporate,,,,,,
Jessen Jessen Millhouse Greeven and Crume; John Linn Scott,Jessen Jessen Millhouse Greeven and Crume,contributor,coorporate,John Linn Scott,contributor,person,,,,,,
Marmon and Mok,Marmon and Mok,contributor,coorporate,,,,,,,,,
M. M. Moseley,M. M. Moseley,contributor,person,,,,,,,,,
"Skidmore, Owings and Merrill; Brooks, Barr, Graeber, and White","Skidmore, Owings and Merrill",contributor,coorporate,"Brooks, Barr, Graeber, and White",contributor,coorporate,,,,,,
"George L. Dahl, Inc.","George L. Dahl, Inc.",contributor,coorporate,,,,,,,,,
William E. Nash,William E. Nash,contributor,person,,,,,,,,,
"Turner, Collie and Braden Inc.","Turner, Collie and Braden Inc.",contributor,coorporate,,,,,,,,,
"Risso, Thibodeaux and Associates","Risso, Thibodeaux and Associates",contributor,coorporate,,,,,,,,,
Ludwig Mies van der Rohe,Ludwig Mies van der Rohe,contributor,person,,,,,,,,,
McCord and Lorentz,McCord and Lorentz,contributor,coorporate,,,,,,,,,
Bartlett Cocke and Associates,Bartlett Cocke and Associates,contributor,coorporate,,,,,,,,,
Johnson and Dempsey,Johnson and Dempsey,contributor,coorporate,,,,,,,,,
"Moore, Stansbury and Vaught","Moore, Stansbury and Vaught",contributor,coorporate,,,,,,,,,
University of Texas Systems,University of Texas Systems,contributor,person,,,,,,,,,
Gene P. Hobart,Gene P. Hobart,contributor,person,,,,,,,,,
Tommy Thomson Co.,Tommy Thomson Co.,contributor,person,,,,,,,,,
C. Baker,C. Baker,contributor,person,,,,,,,,,
Helbert Voelcker and Associates,Helbert Voelcker and Associates,contributor,coorporate,,,,,,,,,
Haynes and Kirby,Haynes and Kirby,contributor,coorporate,,,,,,,,,
Noftsger and Lawrence,Noftsger and Lawrence,contributor,coorporate,,,,,,,,,
A. J. Love,A. J. Love,contributor,person,,,,,,,,,
Butter-Brasher Co.,Butter-Brasher Co.,contributor,person,,,,,,,,,
Jackson and Dill,Jackson and Dill,contributor,coorporate,,,,,,,,,
Groos and Clift,Groos and Clift,contributor,coorporate,,,,,,,,,
Marshall S. McDougal,Marshall S. McDougal,contributor,person,,,,,,,,,
Pan American Engineers,Pan American Engineers,contributor,person,,,,,,,,,
"Jon D. Carsey, A.I.A.","Jon D. Carsey, A.I.A.",contributor,person,,,,,,,,,
George L. Dahl,George L. Dahl,contributor,person,,,,,,,,,
U.S. Park Service,U.S. Park Service,contributor,person,,,,,,,,,
Norton and Mayfield,Norton and Mayfield,contributor,coorporate,,,,,,,,,
Roger L. Erickson,Roger L. Erickson,contributor,person,,,,,,,,,
Woodlief F. Brown,Woodlief F. Brown,contributor,person,,,,,,,,,
Zeb Rike; J.B. Hancock,Zeb Rike,contributor,person,J.B. Hancock,contributor,person,,,,,,
Fehr and Granger; Page Southerland Page,Fehr and Granger,contributor,coorporate,Page Southerland Page,contributor,coorporate,,,,,,
Fehr and Granger | associated architects; Mark Lemmon | supervising architect,Fehr and Granger,associated architects,coorporate,Mark Lemmon,supervising architect,person,,,,,,
Preston M. Geren; Page Southerland Page,Preston M. Geren,contributor,person,Page Southerland Page,contributor,coorporate,,,,,,
Marvin C. Moore,Marvin C. Moore,contributor,person,,,,,,,,,
Sebastian Corporation,Sebastian Corporation,contributor,coorporate,,,,,,,,,
"Staub, Rather and Howze","Staub, Rather and Howze",contributor,coorporate,,,,,,,,,
Southwestern Architects Engineers,Southwestern Architects Engineers,contributor,coorporate,,,,,,,,,
"Burns and Roe, Inc.","Burns and Roe, Inc.",contributor,coorporate,,,,,,,,,
U.S. Army Corps of Engineers,U.S. Army Corps of Engineers,contributor,person,,,,,,,,,
Wyatt C. Hedrick; Harvin C. Moore,Wyatt C. Hedrick,contributor,person,Harvin C. Moore,contributor,person,,,,,,
Bernard Johnson and Assos. Engineers,Bernard Johnson and Assos. Engineers,contributor,coorporate,,,,,,,,,
Winfred O. Duftasons,Winfred O. Duftasons,contributor,person,,,,,,,,,
Edward L. Wilson | engineer,Edward L. Wilson,engineer,person,,,,,,,,,
Lummus Co. | architectural engineer,Lummus Co.,architectural engineer,person,,,,,,,,,
"Ford, Bacon and Davis","Ford, Bacon and Davis",contributor,coorporate,,,,,,,,,
Newhardt and Babb,Newhardt and Babb,contributor,coorporate,,,,,,,,,
Wyatt C.Hedrick and Associates,Wyatt C.Hedrick and Associates,contributor,coorporate,,,,,,,,,
U.S. Departement of Agriculture. Fish and Wildlife Service. Branch of Engineering.,U.S. Departement of Agriculture. Fish and Wildlife Service. Branch of Engineering.,contributor,coorporate,,,,,,,,,
University of Texas Department of Construction and Maintenance,University of Texas Department of Construction and Maintenance,contributor,coorporate,,,,,,,,,
U.S. Army. Corps of Engineering,U.S. Army. Corps of Engineering,contributor,coorporate,,,,,,,,,
Delbert Crocker,Delbert Crocker,contributor,person,,,,,,,,,
Hedrick-Stanley and Wilson,Hedrick-Stanley and Wilson,contributor,coorporate,,,,,,,,,
Student drawing,Student drawing,contributor,person,,,,,,,,,
Sizeler Architects,Sizeler Architects,contributor,coorporate,,,,,,,,,
Moore & Turnbull,Moore & Turnbull,contributor,coorporate,,,,,,,,,
"Robert S. Harris; Delbert Highlands; Charles W. Moore; William Turnbull, Jr.",Robert S. Harris,contributor,person,Delbert Highlands,contributor,coorporate,Charles W. Moore,contributor,person,"William Turnbull, Jr.",contributor,person
Karl Ivanovich Rossi,Karl Ivanovich Rossi,contributor,person,,,,,,,,,
Leon Chatenay,Leon Chatenay,contributor,person,,,,,,,,,
Q. Nichols; J. Crosby,Q. Nichols,contributor,person,J. Crosby,contributor,person,,,,,,
Charles Kinder,Charles Kinder,contributor,person,,,,,,,,,
Hal Box | architect,Hal Box,architect,person,,,,,,,,,
R. Gommel Roessner,R. Gommel Roessner,contributor,person,,,,,,,,,
Emmett F. Rittenberry,Emmett F. Rittenberry,contributor,person,,,,,,,,,
Texas Parks & Wildlife Department,Texas Parks & Wildlife Department,contributor,coorporate,,,,,,,,,
Corneil G. Curtis,Corneil G. Curtis,contributor,person,,,,,,,,,
Curtis Neal and Associates | consulting engineers,Curtis Neal and Associates,consulting engineers,coorporate,,,,,,,,,
"Thomas A. Pressly, Jr.","Thomas A. Pressly, Jr.",contributor,person,,,,,,,,,
"McFadzean, Everly and Associates | landscape architects","McFadzean, Everly and Associates",landscape architects,coorporate,,,,,,,,,
"Curtis E. Neal Associates, Inc. | consulting engineers","Curtis E. Neal Associates, Inc.",consulting engineers,coorporate,,,,,,,,,
G. Ward and Associates.,G. Ward and Associates.,contributor,coorporate,,,,,,,,,
Alamo Heating and Conditioning Incorporation. Mechnical Engineers.,Alamo Heating and Conditioning Incorporation. Mechnical Engineers.,contributor,coorporate,,,,,,,,,
Seidel and Livesay | consulting engineer,Seidel and Livesay,consulting engineer,coorporate,,,,,,,,,
Chickie Rose | personal space design consultant,Chickie Rose,personal space design consultant,person,,,,,,,,,
"Thomas A. Pressly, Jr.; Robert E. Crellen | associated designer","Thomas A. Pressly, Jr.",contributor,person,Robert E. Crellen,associated designer,person,,,,,,
Bartlett Cocke; Allan Wright; L. M. Hohlaus,Bartlett Cocke,contributor,person,Allan Wright,contributor,person,L. M. Hohlaus,contributor,person,,,
Wan R. Hunter,Wan R. Hunter,contributor,person,,,,,,,,,
New York. Buffalo. Department of Public Works. Division of Buildings. Architectural Service.,New York. Buffalo. Department of Public Works. Division of Buildings. Architectural Service.,contributor,person,,,,,,,,,
Grassold and johnson and Aossicates.,Grassold and johnson and Aossicates.,contributor,coorporate,,,,,,,,,
Alamo Iron Works,Alamo Iron Works,contributor,person,,,,,,,,,
J. B. Simpson | landscape architect,J. B. Simpson,landscape architect,person,,,,,,,,,
Harry M. Stitle III,Harry M. Stitle III,contributor,person,,,,,,,,,
"Lang, Witchell & Barglebaugh.","Lang, Witchell & Barglebaugh.",contributor,coorporate,,,,,,,,,
Howard R. Meyer,Howard R. Meyer,contributor,person,,,,,,,,,
N. Straus Nayfach and Company,N. Straus Nayfach and Company,contributor,coorporate,,,,,,,,,
Howard R. Meyer; Arch B. Swank,Howard R. Meyer,contributor,person,Arch B. Swank,contributor,person,,,,,,
Arthur S. Berger | landscape architect,Arthur S. Berger,landscape architect,person,,,,,,,,,
Joseph B. Platt,Joseph B. Platt,contributor,person,,,,,,,,,
Howard R. Meyer | associated architect; Max Sandfield | associated architect,Howard R. Meyer,associated architect,person,Max Sandfield,associated architect,coorporate,,,,,,
"Meyer, Landry and Landry | architects","Meyer, Landry and Landry",architects,coorporate,,,,,,,,,
Henry Steinbomer,Henry Steinbomer,contributor,person,,,,,,,,,
Henry J. Steinbomer and Wallace B. Thomas | associated executive architects,Henry J. Steinbomer and Wallace B. Thomas,associated executive architects,coorporate,,,,,,,,,
Will Noonan Co. | architects,Will Noonan Co.,architects,person,,,,,,,,,
Haynes and Kirby | architectural firm,Haynes and Kirby,architectural firm,coorporate,,,,,,,,,
Henry Steinbomer | associated architect; Howard Allen | associated architect,Henry Steinbomer,associated architect,person,Howard Allen,associated architect,person,,,,,,
Henry Mayfield,Henry Mayfield,contributor,person,,,,,,,,,
Architectural Board of the Historic Building Foundation,Architectural Board of the Historic Building Foundation,contributor,person,,,,,,,,,
Dexter Hamon | supervising archtitect,Dexter Hamon,supervising archtitect,person,,,,,,,,,
J. Roy Smith,J. Roy Smith,contributor,person,,,,,,,,,
Zeb Rick | architect,Zeb Rick,architect,person,,,,,,,,,
Max D. Lovett,Max D. Lovett,contributor,person,,,,,,,,,
"Bradley, George, and Bowman","Bradley, George, and Bowman",contributor,coorporate,,,,,,,,,
"Buenz, Cocke, Steinbomer","Buenz, Cocke, Steinbomer",contributor,person,,,,,,,,,
Henry Steinbomer; Bartlett Cocke; J.Fred Buenz,Henry Steinbomer,contributor,person,Bartlett Cocke,contributor,person,J.Fred Buenz,contributor,person,,,
"Historic Buildings Foundation, Architectural Board","Historic Buildings Foundation, Architectural Board",contributor,person,,,,,,,,,
H. Steinbomer,H. Steinbomer,contributor,person,,,,,,,,,
John F. Staub; Rather & Howze,John F. Staub,contributor,person,Rather & Howze,contributor,coorporate,,,,,,
Alfred Bossom  (1881-1965),Alfred Bossom,contributor,person,,,,,,,,,
Box and Wagner,Box and Wagner,contributor,coorporate,,,,,,,,,
Hedrick and Lindsley | architects and engineers,Hedrick and Lindsley,architects and engineers,coorporate,,,,,,,,,
Staub and Rather,Staub and Rather,contributor,coorporate,,,,,,,,,
White and Feinberg,White and Feinberg,contributor,coorporate,,,,,,,,,
Finn and Cummins,Finn and Cummins,contributor,coorporate,,,,,,,,,
Leonard J. Lundgren; Edward Maurer,Leonard J. Lundgren,contributor,person,Edward Maurer,contributor,person,,,,,,
Elmer G. Withers,Elmer G. Withers,contributor,person,,,,,,,,,
Ben E. Christian,Ben E. Christian,contributor,person,,,,,,,,,
Charles Custer Designs,Charles Custer Designs,contributor,coorporate,,,,,,,,,
Jack Corgan,Jack Corgan,contributor,person,,,,,,,,,
David Griffin,David Griffin,contributor,person,,,,,,,,,
Lloyd Tunner | architect,Lloyd Tunner,architect,person,,,,,,,,,
Fredregill Architects,Fredregill Architects,contributor,coorporate,,,,,,,,,
Lawrence E. Blue,Lawrence E. Blue,contributor,person,,,,,,,,,
F.E.Z. and R.W.C.,F.E.Z. and R.W.C.,contributor,coorporate,,,,,,,,,
J. L. D.,J. L. D.,contributor,person,,,,,,,,,
S. S.,S. S.,contributor,person,,,,,,,,,
Brubaker Smith and Egan | architects,Brubaker Smith and Egan,architects,coorporate,,,,,,,,,
Preston M. Geren | architect,Preston M. Geren,architect,person,,,,,,,,,
J. A. Dillard,J. A. Dillard,contributor,person,,,,,,,,,
Dr. J. Dahinden,Dr. J. Dahinden,contributor,person,,,,,,,,,
Preston M. Geren | architects,Preston M. Geren,architects,person,,,,,,,,,
DeWoody and Wukasch | architects,DeWoody and Wukasch,architects,coorporate,,,,,,,,,
S. D. L.,S. D. L.,contributor,person,,,,,,,,,
Norman L. Waterbury,Norman L. Waterbury,contributor,person,,,,,,,,,
Porter and Brierly | architects,Porter and Brierly,architects,coorporate,,,,,,,,,
Chas. E. Armstrong; J.R. Johnson. Jr.,Chas. E. Armstrong,contributor,person,J.R. Johnson. Jr.,contributor,person,,,,,,
Addis E. Noonan Associates | architect,Addis E. Noonan Associates,architect,coorporate,,,,,,,,,
Ed. Maurer and Lundgren,Ed. Maurer and Lundgren,contributor,coorporate,,,,,,,,,
Mosher Steel Company,Mosher Steel Company,contributor,coorporate,,,,,,,,,
Matkin-Fitch and Associates | architects,Matkin-Fitch and Associates,architects,coorporate,,,,,,,,,
Tex-Mex Cement Company,Tex-Mex Cement Company,contributor,coorporate,,,,,,,,,
M. W. Kellogg Company,M. W. Kellogg Company,contributor,coorporate,,,,,,,,,
Harvin C. Moore | architect,Harvin C. Moore,architect,person,,,,,,,,,
Bartlett Cocke | architect; Walter C. Bowman | architect,Bartlett Cocke,architect,person,Walter C. Bowman,architect,person,,,,,,
Bartlett Cocke | architect,Bartlett Cocke,architect,person,,,,,,,,,
Matkin and Fitch,Matkin and Fitch,contributor,coorporate,,,,,,,,,
Jack W. Knostman; James F. Webster,Jack W. Knostman,contributor,person,James F. Webster,contributor,person,,,,,,
Houston Structural Steel Company,Houston Structural Steel Company,contributor,coorporate,,,,,,,,,
"Nunn, McGinty and Bovay, Architects and Engineers","Nunn, McGinty and Bovay, Architects and Engineers",contributor,coorporate,,,,,,,,,
"Giffels and Vallet, Inc.","Giffels and Vallet, Inc.",contributor,coorporate,,,,,,,,,
Brenchley Construction Company,Brenchley Construction Company,contributor,coorporate,,,,,,,,,
Lenard Gabert,Lenard Gabert,contributor,person,,,,,,,,,
R. Newell Waters,R. Newell Waters,contributor,person,,,,,,,,,
William H. Elliot,William H. Elliot,contributor,person,,,,,,,,,
Richard Hoyt,Richard Hoyt,contributor,person,,,,,,,,,
Sam H. Dixon; B. F. Greenwood; Sam H. Dixon Associates,Sam H. Dixon,contributor,person,B. F. Greenwood,contributor,person,Sam H. Dixon Associates,contributor,coorporate,,,
Woestemeyer and Gaffney | architectural firm,Woestemeyer and Gaffney,architectural firm,coorporate,,,,,,,,,
Preston M. Geren | engineer,Preston M. Geren,engineer,person,,,,,,,,,
Sam H. Dixon | architect,Sam H. Dixon,architect,person,,,,,,,,,
Hermon Lloyd | architect,Hermon Lloyd,architect,person,,,,,,,,,
"Card G. Elliott, Jr.","Card G. Elliott, Jr.",contributor,person,,,,,,,,,
Birdsall P. Briscoe,Birdsall P. Briscoe,contributor,person,,,,,,,,,
James O. McNeill,James O. McNeill,contributor,person,,,,,,,,,
Robert C. Smallwood,Robert C. Smallwood,contributor,person,,,,,,,,,
George Pierce; Abel B. Pierce,George Pierce,contributor,person,Abel B. Pierce,contributor,person,,,,,,
Bartlett Cocke; Walter C. Bowman,Bartlett Cocke,contributor,person,Walter C. Bowman,contributor,person,,,,,,
"O. J. Bohlman Schulenburg, General Contractors","O. J. Bohlman Schulenburg, General Contractors",contributor,person,,,,,,,,,
Delwin V. James | architect,Delwin V. James,architect,person,,,,,,,,,
Roscoe Smith,Roscoe Smith,contributor,person,,,,,,,,,
J. Eugene Wukasch,J. Eugene Wukasch,contributor,person,,,,,,,,,
Alden B. Dow,Alden B. Dow,contributor,person,,,,,,,,,
Kenneth Franzheim,Kenneth Franzheim,contributor,person,,,,,,,,,
Lamar Q. Cato,Lamar Q. Cato,contributor,person,,,,,,,,,
Lockwood and Andrews | engineers,Lockwood and Andrews,engineers,coorporate,,,,,,,,,
Lamar Q. Cato; Mosher Steel Company,Lamar Q. Cato,contributor,person,Mosher Steel Company,contributor,coorporate,,,,,,
E. Sirrine & Co. | engineers,E. Sirrine & Co.,engineers,coorporate,,,,,,,,,
F. Perry Johnston,F. Perry Johnston,contributor,person,,,,,,,,,
Addis E. Noonan,Addis E. Noonan,contributor,person,,,,,,,,,
Lenard Gabert | architect,Lenard Gabert,architect,person,,,,,,,,,
Giesecke Kuehne and Brooks | architectural firm,Giesecke Kuehne and Brooks,architectural firm,coorporate,,,,,,,,,
"Harvey A. Jordan, General Contractor","Harvey A. Jordan, General Contractor",contributor,person,,,,,,,,,
Wilbur Kent,Wilbur Kent,contributor,person,,,,,,,,,
"Finn, Cummins and Taylor","Finn, Cummins and Taylor",contributor,coorporate,,,,,,,,,
E. Loveless,E. Loveless,contributor,person,,,,,,,,,
Campbell Taggart Associated Bakeries Inc. | architect,Campbell Taggart Associated Bakeries Inc.,architect,coorporate,,,,,,,,,
Leon Howard | golf course architect; J. Eugene Wukasch,Leon Howard,golf course architect,person,J. Eugene Wukasch,contributor,person,,,,,,
J. E. Wukasch and Associates,J. E. Wukasch and Associates,contributor,coorporate,,,,,,,,,
Lamar Q. Cato; Albert Finn,Lamar Q. Cato,contributor,person,Albert Finn,contributor,person,,,,,,
Clarkson Geren and Pelich Rady,Clarkson Geren and Pelich Rady,contributor,coorporate,,,,,,,,,
Sheffield Steel of Texas,Sheffield Steel of Texas,contributor,person,,,,,,,,,
Nick Gatoura,Nick Gatoura,contributor,person,,,,,,,,,
Brock and Anderson,Brock and Anderson,contributor,coorporate,,,,,,,,,
R. F. Ball Construction Company,R. F. Ball Construction Company,contributor,coorporate,,,,,,,,,
Eugene Wukasch | architect,Eugene Wukasch,architect,person,,,,,,,,,
Southwestern Bell Telephone Company Engineering Department,Southwestern Bell Telephone Company Engineering Department,contributor,coorporate,,,,,,,,,
Hamiltion Brown; David C. Baer,Hamiltion Brown,contributor,person,David C. Baer,contributor,person,,,,,,
Harry L. Spicer,Harry L. Spicer,contributor,person,,,,,,,,,
Wukasch and Associates | architects,Wukasch and Associates,architects,coorporate,,,,,,,,,
J. Eugene Wukasch | engineer,J. Eugene Wukasch,engineer,person,,,,,,,,,
J. Eugene Wukasch; Robert L. Miller | associate architect,J. Eugene Wukasch,contributor,person,Robert L. Miller,associate architect,person,,,,,,
Tellepsen Construction Company,Tellepsen Construction Company,contributor,coorporate,,,,,,,,,
Biglow-Liptak Corporation,Biglow-Liptak Corporation,contributor,coorporate,,,,,,,,,
Alfred C. Finn,Alfred C. Finn,contributor,person,,,,,,,,,
J. Eugene Wukasch and Associates,J. Eugene Wukasch and Associates,contributor,coorporate,,,,,,,,,
Michael A. Chamble,Michael A. Chamble,contributor,person,,,,,,,,,
A&M College of Texas. Office of the College Architect,A&M College of Texas. Office of the College Architect,contributor,coorporate,,,,,,,,,
R. Gill and Associates,R. Gill and Associates,contributor,coorporate,,,,,,,,,
Alfred D. Hughes,Alfred D. Hughes,contributor,person,,,,,,,,,
Connector Truss Company,Connector Truss Company,contributor,coorporate,,,,,,,,,
Harrison and Kenops Company,Harrison and Kenops Company,contributor,coorporate,,,,,,,,,
"Gibbs and Hill, Inc.","Gibbs and Hill, Inc.",contributor,coorporate,,,,,,,,,
Humble Oil and Refining Company,Humble Oil and Refining Company,contributor,coorporate,,,,,,,,,
C. F. Braun and Company,C. F. Braun and Company,contributor,coorporate,,,,,,,,,
Texaco. Refining Department.,Texaco. Refining Department.,contributor,person,,,,,,,,,
Hudson Engineering Corporation,Hudson Engineering Corporation,contributor,coorporate,,,,,,,,,
Maurice J. and Charles F. Sullivan,Maurice J. and Charles F. Sullivan,contributor,coorporate,,,,,,,,,
Stayton Nunn and Milton McGinty,Stayton Nunn and Milton McGinty,contributor,coorporate,,,,,,,,,
Eugene Wukasch and Associates | architectural firm,Eugene Wukasch and Associates,architectural firm,coorporate,,,,,,,,,
Riolee | design engineer,Riolee,design engineer,person,,,,,,,,,
Atlantic Refining Company.  Engineering and Construction Department.,Atlantic Refining Company.  Engineering and Construction Department.,contributor,coorporate,,,,,,,,,
Addis E. Noonan Associates,Addis E. Noonan Associates,contributor,coorporate,,,,,,,,,
Garrett Engineering Company,Garrett Engineering Company,contributor,coorporate,,,,,,,,,
Wyatt C. Hedrick | associated architect; Preston M. Geren | associated architect; Joseph R. Pelich | associated architect,Wyatt C. Hedrick,associated architect,person,Preston M. Geren,associated architect,person,Joseph R. Pelich,associated architect,person,,,
H. B. Sweedlund; A. Ross Seamans,H. B. Sweedlund,contributor,person,A. Ross Seamans,contributor,person,,,,,,
Del Homme,Del Homme,contributor,person,,,,,,,,,
McCormick and Teller,McCormick and Teller,contributor,coorporate,,,,,,,,,
Morton L. Pereira and Associates,Morton L. Pereira and Associates,contributor,coorporate,,,,,,,,,
Herbert Voelker and Associates,Herbert Voelker and Associates,contributor,coorporate,,,,,,,,,
Williams; Mackie and Kamrath,Williams,contributor,person,Mackie and Kamrath,contributor,coorporate,,,,,,
The Texas Company,The Texas Company,contributor,coorporate,,,,,,,,,
Republic Steel Corporation. Warehouse Engineering Department.,Republic Steel Corporation. Warehouse Engineering Department.,contributor,coorporate,,,,,,,,,
McGraw Construction Company | engineers and constructors,McGraw Construction Company,engineers and constructors,coorporate,,,,,,,,,
W. E. Simpson Company | consulting engineers,W. E. Simpson Company,consulting engineers,coorporate,,,,,,,,,
"Wukasch and Associates | architects, engineers, landscape architects",Wukasch and Associates,"architects, engineers, landscape architects",coorporate,,,,,,,,,
Smith and Smith | architect,Smith and Smith,architect,coorporate,,,,,,,,,
Harvey L. Page Co.; Harvey L. Page; Frank B. Gatner,Harvey L. Page Co.,contributor,person,Harvey L. Page,contributor,person,Frank B. Gatner,contributor,person,,,
"Wukasch, Moellendorf, and Associates","Wukasch, Moellendorf, and Associates",contributor,coorporate,,,,,,,,,
"Berla and Abel, Architect","Berla and Abel, Architect",contributor,coorporate,,,,,,,,,
Carroll Grisdale and Van Alen | architect,Carroll Grisdale and Van Alen,architect,coorporate,,,,,,,,,
"Robert and Company, Inc.","Robert and Company, Inc.",contributor,coorporate,,,,,,,,,
Eugene Wukasch | architect; Leon Howard | golf course architect,Eugene Wukasch,architect,person,Leon Howard,golf course architect,person,,,,,,
Leon Howard | golf course architect,Leon Howard,golf course architect,person,,,,,,,,,
Zumwalt and Zinther,Zumwalt and Zinther,contributor,coorporate,,,,,,,,,
"Wukasch and Associates | architect; Mathes, Bergman, and Associates, Inc. | consulting architect",Wukasch and Associates,architect,coorporate,"Mathes, Bergman, and Associates, Inc.",consulting architect,coorporate,,,,,,
"Travis, Braun, and Associates, Inc. | engineers","Travis, Braun, and Associates, Inc.",engineers,coorporate,,,,,,,,,
Ledford and Cerna; Eugene Wukasch,Ledford and Cerna,contributor,coorporate,Eugene Wukasch,contributor,person,,,,,,
"Christian, Bright and Pennington | architect","Christian, Bright and Pennington",architect,coorporate,,,,,,,,,
Robert and Company | architect,Robert and Company,architect,coorporate,,,,,,,,,
"Wukasch, Moellendorf, and Associates | architect","Wukasch, Moellendorf, and Associates",architect,coorporate,,,,,,,,,
Henry Steinbomer | architect,Henry Steinbomer,architect,person,,,,,,,,,
Alamo Boiler and Machine Works,Alamo Boiler and Machine Works,contributor,coorporate,,,,,,,,,
Wirtz and Calhoun | architectural firm,Wirtz and Calhoun,architectural firm,coorporate,,,,,,,,,
Carl H. Stautz | architect,Carl H. Stautz,architect,person,,,,,,,,,
F. C. Olds Co. | architects and engineers,F. C. Olds Co.,architects and engineers,person,,,,,,,,,
Hubbell and Greene,Hubbell and Greene,contributor,coorporate,,,,,,,,,
"Thomas, Jameson, and Merrill","Thomas, Jameson, and Merrill",contributor,coorporate,,,,,,,,,
Thomas Broad,Thomas Broad,contributor,person,,,,,,,,,
Flint and Broad,Flint and Broad,contributor,coorporate,,,,,,,,,
Fooshee & Cheek; Flint & Broad; Hal Thomson,Fooshee & Cheek,contributor,coorporate,Flint & Broad,contributor,coorporate,Hal Thomson,contributor,person,,,
"Broad and Nelson; Caudill, Rowlett and Scott",Broad and Nelson,contributor,coorporate,"Caudill, Rowlett and Scott",contributor,coorporate,,,,,,
Broad & Nelson; Mark Lemmon | consulting architect,Broad & Nelson,contributor,coorporate,Mark Lemmon,consulting architect,person,,,,,,
Broad and Nelson; Smith and Warder,Broad and Nelson,contributor,coorporate,Smith and Warder,contributor,coorporate,,,,,,
Broad and Nelson; Smith and Warder; Jack Corgan and  Associates; Thomas and Jameson,Broad and Nelson,contributor,coorporate,Smith and Warder,contributor,coorporate,Jack Corgan and  Associates,contributor,coorporate,Thomas and Jameson,contributor,coorporate
Thomas and Jameson,Thomas and Jameson,contributor,coorporate,,,,,,,,,
Smith and Mills,Smith and Mills,contributor,coorporate,,,,,,,,,
Howard Musick,Howard Musick,contributor,person,,,,,,,,,
Kenneth and Zimmerson,Kenneth and Zimmerson,contributor,coorporate,,,,,,,,,
Henry Coke Knight,Henry Coke Knight,contributor,person,,,,,,,,,
Curtis and Thomas,Curtis and Thomas,contributor,coorporate,,,,,,,,,
William P. Davies and R.S. Braswell III,William P. Davies and R.S. Braswell III,contributor,coorporate,,,,,,,,,
Philip Johnson,Philip Johnson,contributor,person,,,,,,,,,
Flint and Broad; Curtis and Lightfoot,Flint and Broad,contributor,coorporate,Curtis and Lightfoot,contributor,coorporate,,,,,,
E. Gilbert Mason,E. Gilbert Mason,contributor,person,,,,,,,,,
Forrest and Cotton,Forrest and Cotton,contributor,coorporate,,,,,,,,,
Flint and Broad | architects,Flint and Broad,architects,coorporate,,,,,,,,,
Joe L. Williams,Joe L. Williams,contributor,person,,,,,,,,,
Winfred O. Gustafson,Winfred O. Gustafson,contributor,person,,,,,,,,,
"Naramore, Bain, Brady, Johanson","Naramore, Bain, Brady, Johanson",contributor,person,,,,,,,,,
Cliff May Associates,Cliff May Associates,contributor,coorporate,,,,,,,,,
Broad,Broad,contributor,person,,,,,,,,,
"Bentley, Broad, and Nelson","Bentley, Broad, and Nelson",contributor,coorporate,,,,,,,,,
Nelson,Nelson,contributor,person,,,,,,,,,
"Broad, Nelson, and Lightfoot","Broad, Nelson, and Lightfoot",contributor,coorporate,,,,,,,,,
Donald Nelson (Broad and Nelson),Donald Nelson (Broad and Nelson),contributor,coorporate,,,,,,,,,
Arthur E. Thomas | architect,Arthur E. Thomas,architect,person,,,,,,,,,
Walter Ahlschlager,Walter Ahlschlager,contributor,person,,,,,,,,,
McKesson and Robbins Inc.,McKesson and Robbins Inc.,contributor,coorporate,,,,,,,,,
Dallas Fountain and Fixture Company,Dallas Fountain and Fixture Company,contributor,coorporate,,,,,,,,,
Smith and Warder,Smith and Warder,contributor,coorporate,,,,,,,,,
Marvin Springer and Association,Marvin Springer and Association,contributor,coorporate,,,,,,,,,
"M. G. M. Architects of Austin, Inc.","M. G. M. Architects of Austin, Inc.",contributor,coorporate,,,,,,,,,
Louis Lloyd Oliver; Tibor Beerman,Louis Lloyd Oliver,contributor,person,Tibor Beerman,contributor,person,,,,,,
Osborn-Papesh,Osborn-Papesh,contributor,person,,,,,,,,,
Lambert Landscape Co.,Lambert Landscape Co.,contributor,coorporate,,,,,,,,,
Von Rosenberg,Von Rosenberg,contributor,person,,,,,,,,,
Fred Hancock Halsey,Fred Hancock Halsey,contributor,person,,,,,,,,,
Campbell and Campbell,Campbell and Campbell,contributor,coorporate,,,,,,,,,
Preston Geren Architect & Engineer,Preston Geren Architect & Engineer,contributor,coorporate,,,,,,,,,
William C. Craig | consulting engineers,William C. Craig,consulting engineers,person,,,,,,,,,
J. C. Evans | contractor,J. C. Evans,contractor,person,,,,,,,,,
DWN: H. Simmons,DWN: H. Simmons,contributor,person,,,,,,,,,
Joseph R. Williams,Joseph R. Williams,contributor,person,,,,,,,,,
Overland Partners Inc.,Overland Partners Inc.,contributor,coorporate,,,,,,,,,
"Demars, Esherick and Olsen","Demars, Esherick and Olsen",contributor,coorporate,,,,,,,,,
Frank O. Gehry and Associates,Frank O. Gehry and Associates,contributor,coorporate,,,,,,,,,
I. M. Pei and Partners | architects-planners,I. M. Pei and Partners,architects-planners,coorporate,,,,,,,,,
Mitchell / Giurgola Architects,Mitchell / Giurgola Architects,contributor,coorporate,,,,,,,,,
I. M. Pei and Partners | architects,I. M. Pei and Partners,architects,coorporate,,,,,,,,,
I. M. Pei and Partners,I. M. Pei and Partners,contributor,coorporate,,,,,,,,,
Johnson Burgee Architects | architects; Morris Aubrey Architects,Johnson Burgee Architects,architects,coorporate,Morris Aubrey Architects,contributor,coorporate,,,,,,
S. I. Morris Architects,S. I. Morris Architects,contributor,coorporate,,,,,,,,,
Eero Saarinen and Associates,Eero Saarinen and Associates,contributor,coorporate,,,,,,,,,
Edward L. Tilton,Edward L. Tilton,contributor,person,,,,,,,,,
Wilmot Porter Associates,Wilmot Porter Associates,contributor,coorporate,,,,,,,,,
"Murphy, Morley and Geraughty","Murphy, Morley and Geraughty",contributor,coorporate,,,,,,,,,
Reinhard Hofmeister and Walquist,Reinhard Hofmeister and Walquist,contributor,coorporate,,,,,,,,,
Louis C. Williams,Louis C. Williams,contributor,person,,,,,,,,,
Bruce Goff,Bruce Goff,contributor,person,,,,,,,,,
Frederick E. Ruffini,Frederick E. Ruffini,contributor,person,,,,,,,,,
Louis Sullivan,Louis Sullivan,contributor,person,,,,,,,,,
Sidney Clark | architect,Sidney Clark,architect,person,,,,,,,,,
KWF Harris | delineator,KWF Harris,delineator,person,,,,,,,,,
Harry Heron,Harry Heron,contributor,person,,,,,,,,,
Fred W. Marks F. R. I. B. A.,Fred W. Marks F. R. I. B. A.,contributor,person,,,,,,,,,
Architecture Association,Architecture Association,contributor,coorporate,,,,,,,,,
Thomas D. Broad,Thomas D. Broad,contributor,person,,,,,,,,,
Walton and Walton,Walton and Walton,contributor,coorporate,,,,,,,,,
Walton and Kegley,Walton and Kegley,contributor,coorporate,,,,,,,,,
Benjamin Marshall,Benjamin Marshall,contributor,person,,,,,,,,,
Marshall and Fox | architects,Marshall and Fox,architects,coorporate,,,,,,,,,
Benjamin H. Marshall Company | architects,Benjamin H. Marshall Company,architects,coorporate,,,,,,,,,
Benjamin H. Marshall | architect,Benjamin H. Marshall,architect,person,,,,,,,,,
Marshall Co.,Marshall Co.,contributor,person,,,,,,,,,
Adler and Sullivan,Adler and Sullivan,contributor,coorporate,,,,,,,,,
Kegley,Kegley,contributor,person,,,,,,,,,
Marshall and Fox | architects and engineers,Marshall and Fox,architects and engineers,coorporate,,,,,,,,,
Walton,Walton,contributor,person,,,,,,,,,
Wilson and Marshall,Wilson and Marshall,contributor,coorporate,,,,,,,,,
"Walton and Walton | associated architects; Hummel, Hummel and Jones | associated architects",Walton and Walton,associated architects,coorporate,"Hummel, Hummel and Jones",associated architects,coorporate,,,,,,
Benjamin Marshall and Co.,Benjamin Marshall and Co.,contributor,coorporate,,,,,,,,,
Benjamin Marshall | architect,Benjamin Marshall,architect,person,,,,,,,,,
Marshall,Marshall,contributor,person,,,,,,,,,
H. H. Howeler,H. H. Howeler,contributor,person,,,,,,,,,
B. H. Marshall,B. H. Marshall,contributor,person,,,,,,,,,
K. M. Vitzhum,K. M. Vitzhum,contributor,person,,,,,,,,,
Marshall and Co.,Marshall and Co.,contributor,coorporate,,,,,,,,,
Elting Lamb and Schweikner,Elting Lamb and Schweikner,contributor,coorporate,,,,,,,,,
"Marshall, Kegley, and Walton","Marshall, Kegley, and Walton",contributor,coorporate,,,,,,,,,
John York,John York,contributor,person,,,,,,,,,
Joe Williams,Joe Williams,contributor,person,,,,,,,,,
Frink and Burk,Frink and Burk,contributor,coorporate,,,,,,,,,
Howard Nicholas,Howard Nicholas,contributor,person,,,,,,,,,
McCool and McDonald,McCool and McDonald,contributor,coorporate,,,,,,,,,
S. A. York,S. A. York,contributor,person,,,,,,,,,
Robert Vahlberg,Robert Vahlberg,contributor,person,,,,,,,,,
"Pfanstiel Arch., Inc.","Pfanstiel Arch., Inc.",contributor,coorporate,,,,,,,,,
William Kaighn,William Kaighn,contributor,person,,,,,,,,,
John York & Associates | architects & engineers; McDonald & Floyd | structural engineers; Bill Miller & Associates | mechanical engineers,John York & Associates,architects & engineers,coorporate,McDonald & Floyd,structural engineers,coorporate,Bill Miller & Associates,mechanical engineers,coorporate,,,
Robert Fillmoore,Robert Fillmoore,contributor,person,,,,,,,,,
John York | architect; Neil Madley | consulting engineer; Bill Miller | engineer; I. T. Krause | general contractor,John York,architect,person,Neil Madley,consulting engineer,person,Bill Miller,engineer,person,I. T. Krause,general contractor,person
Johnson Kindblade,Johnson Kindblade,contributor,person,,,,,,,,,
Robert Marshall Tieger | designer; Percival Goodman | architect,Robert Marshall Tieger,designer,person,Percival Goodman,architect,person,,,,,,
Wells and Parker,Wells and Parker,contributor,coorporate,,,,,,,,,
Harry H. Gesner,Harry H. Gesner,contributor,person,,,,,,,,,
"Cocke, Bowman and York","Cocke, Bowman and York",contributor,coorporate,,,,,,,,,
York and W. Burgett,York and W. Burgett,contributor,coorporate,,,,,,,,,
"Freels and Associates (George Shaw, Jr.)","Freels and Associates (George Shaw, Jr.)",contributor,coorporate,,,,,,,,,
"Reynolds, Schlattner, Chetter and Associate Inc.","Reynolds, Schlattner, Chetter and Associate Inc.",contributor,coorporate,,,,,,,,,
City Engineers Office,City Engineers Office,contributor,person,,,,,,,,,
Lennox Furnace Company Marshalltown Iowa,Lennox Furnace Company Marshalltown Iowa,contributor,coorporate,,,,,,,,,
Louis Polk,Louis Polk,contributor,person,,,,,,,,,
Frost Carvel,Frost Carvel,contributor,person,,,,,,,,,
Southwell Map Company,Southwell Map Company,contributor,coorporate,,,,,,,,,
Kelwood Co. Inc.,Kelwood Co. Inc.,contributor,coorporate,,,,,,,,,
William E. Parrish | architectural firm,William E. Parrish,architectural firm,person,,,,,,,,,
C. A. Coughlin,C. A. Coughlin,contributor,person,,,,,,,,,
J. Fred Buenz | architect,J. Fred Buenz,architect,person,,,,,,,,,
James Adams | surveyor,James Adams,surveyor,person,,,,,,,,,
A. C. Walker; Philip Castaneda,A. C. Walker,contributor,person,Philip Castaneda,contributor,person,,,,,,
Fooshee and Cheek | architect; Flint and Broad | architects; H. B. Thomson | architect,Fooshee and Cheek,architect,coorporate,Flint and Broad,architects,coorporate,H. B. Thomson,architect,person,,,
Homer L. Fry | landscape architect,Homer L. Fry,landscape architect,person,,,,,,,,,
"Roberts, Allen & Helmke | associated architects; Ayres & Ayres | associated architects","Roberts, Allen & Helmke",associated architects,coorporate,Ayres & Ayres,associated architects,coorporate,,,,,,
Joseph Palle,Joseph Palle,contributor,person,,,,,,,,,
"Paul Garza, Jr. | engineering and surveying firm","Paul Garza, Jr.",engineering and surveying firm,person,,,,,,,,,
Fansler,Fansler,contributor,person,,,,,,,,,
Wagner Woodruff Company,Wagner Woodruff Company,contributor,coorporate,,,,,,,,,
J. E. Flanders,J. E. Flanders,contributor,coorporate,,,,,,,,,
Robert M. Ayres,Robert M. Ayres,contributor,person,,,,,,,,,
George Willis | architect; Emmett T. Jackson | architect,George Willis,architect,person,Emmett T. Jackson,architect,person,,,,,,
Homer M. Mathews and Associates | consulting engineer,Homer M. Mathews and Associates,consulting engineer,coorporate,,,,,,,,,
River engineers office,River engineers office,contributor,person,,,,,,,,,
Henry Rullman | engineer,Henry Rullman,engineer,person,,,,,,,,,
Walton and Arneson | engineers,Walton and Arneson,engineers,coorporate,,,,,,,,,
Fred S. Jones,Fred S. Jones,contributor,person,,,,,,,,,
John M. Marriott | architect,John M. Marriott,architect,person,,,,,,,,,
American Encaustic tiling co. Ltd.,American Encaustic tiling co. Ltd.,contributor,coorporate,,,,,,,,,
"KARGL Aerial Surveys, Limited","KARGL Aerial Surveys, Limited",contributor,person,,,,,,,,,
Reming,Reming,contributor,person,,,,,,,,,
"Phelps, Dewees & Simmons | associated architects; Ayres & Ayres | associated architects","Phelps, Dewees & Simmons",associated architects,coorporate,Ayres & Ayres,associated architects,coorporate,,,,,,
Robert Cunningham,Robert Cunningham,contributor,person,,,,,,,,,
Torres and Makar,Torres and Makar,contributor,coorporate,,,,,,,,,
Joseph J. Patterson,Joseph J. Patterson,contributor,person,,,,,,,,,
"Donald Barthelme, Sr.","Donald Barthelme, Sr.",contributor,person,,,,,,,,,
Robert T. Renfro,Robert T. Renfro,contributor,person,,,,,,,,,
Renfro and Steinbomer,Renfro and Steinbomer,contributor,coorporate,,,,,,,,,
Rio Group | architects and planners,Rio Group,architects and planners,coorporate,,,,,,,,,
Robert T. Renfro | industrial designer,Robert T. Renfro,industrial designer,person,,,,,,,,,
"Felson, Robert (White Plains, NY)","Felson, Robert (White Plains, NY)",contributor,person,,,,,,,,,
Venturi and Rauch | architects and planners,Venturi and Rauch,architects and planners,coorporate,,,,,,,,,
"Travers, David","Travers, David",contributor,person,,,,,,,,,
"Black, Sinclair","Black, Sinclair",contributor,person,,,,,,,,,
Venturi and Rauch Architects | architects; Robert T. Renfro | project manager,Venturi and Rauch Architects,architects,coorporate,Robert T. Renfro,project manager,person,,,,,,
Steinbomer Associates; Robert T. Renfro | partner in charge,Steinbomer Associates,contributor,coorporate,Robert T. Renfro,partner in charge,person,,,,,,
Renfro and Steinbomer; Robert T. Renfro | architect in charge,Renfro and Steinbomer,contributor,coorporate,Robert T. Renfro,architect in charge,person,,,,,,
Rio Group,Rio Group,contributor,coorporate,,,,,,,,,
Venturi and Rauch,Venturi and Rauch,contributor,coorporate,,,,,,,,,
John Eifler,John Eifler,contributor,person,,,,,,,,,
Skidmore Owings & Merrill Foundation,Skidmore Owings & Merrill Foundation,contributor,coorporate,,,,,,,,,
MLTW,MLTW,contributor,person,,,,,,,,,
Richard Chylinski,Richard Chylinski,contributor,person,,,,,,,,,
R. F. Pyle | civil engineer and surveyor,R. F. Pyle,civil engineer and surveyor,person,,,,,,,,,
"Architects Collaborative (Cambridge, Mass.)","Architects Collaborative (Cambridge, Mass.)",contributor,coorporate,,,,,,,,,
H. F. Kuehne,H. F. Kuehne,contributor,person,,,,,,,,,
Burns & McDonnell Engineering Company,Burns & McDonnell Engineering Company,contributor,coorporate,,,,,,,,,
W. A. Dowdy,W. A. Dowdy,contributor,person,,,,,,,,,
Harris County Engineering Department,Harris County Engineering Department,contributor,coorporate,,,,,,,,,
Ritter Company,Ritter Company,contributor,coorporate,,,,,,,,,
"Clem Lumber Co., Dallas","Clem Lumber Co., Dallas",contributor,person,,,,,,,,,
Ralph Kelman and Associates,Ralph Kelman and Associates,contributor,coorporate,,,,,,,,,
John Astin Perkins,John Astin Perkins,contributor,person,,,,,,,,,
Benjamin H. Marshall,Benjamin H. Marshall,contributor,person,,,,,,,,,
"Bottomley, Wagner and White","Bottomley, Wagner and White",contributor,coorporate,,,,,,,,,
John Eberson,John Eberson,contributor,person,,,,,,,,,
Mauran Russell and Crowell,Mauran Russell and Crowell,contributor,coorporate,,,,,,,,,
Kermacy,Kermacy,contributor,person,,,,,,,,,
